File,Number of Threads/Processes,N,Sum,Time Taken
Baseline,1,100000000,4999999950000000,0.252824
Baseline,1,100000000,4999999950000000,0.252012
Baseline,1,100000000,4999999950000000,0.252567
Baseline,1,100000000,4999999950000000,0.251615
Baseline,1,100000000,4999999950000000,0.254183
Baseline,1,100000000,4999999950000000,0.255491
Baseline,1,100000000,4999999950000000,0.252813
Baseline,1,100000000,4999999950000000,0.253641
Baseline,1,100000000,4999999950000000,0.256061
Baseline,1,100000000,4999999950000000,0.255629
Baseline,1,100000000,4999999950000000,0.258780
Baseline,1,100000000,4999999950000000,0.259444
Baseline,1,100000000,4999999950000000,0.256216
Baseline,1,100000000,4999999950000000,0.254370
Baseline,1,100000000,4999999950000000,0.254146
Baseline,1,100000000,4999999950000000,0.254194
Baseline,1,100000000,4999999950000000,0.257596
Baseline,1,100000000,4999999950000000,0.256504
Baseline,1,100000000,4999999950000000,0.256748
Baseline,1,100000000,4999999950000000,0.261181
Baseline,1,100000000,4999999950000000,0.258702
Baseline,1,100000000,4999999950000000,0.259153
Baseline,1,100000000,4999999950000000,0.260150
Baseline,1,100000000,4999999950000000,0.258246
Baseline,1,100000000,4999999950000000,0.259136
Baseline,1,100000000,4999999950000000,0.260368
Baseline,1,100000000,4999999950000000,0.257725
Baseline,1,100000000,4999999950000000,0.258523
Baseline,1,100000000,4999999950000000,0.261090
Baseline,1,100000000,4999999950000000,0.263451
Baseline,1,100000000,4999999950000000,0.264328
Baseline,1,100000000,4999999950000000,0.259663
Baseline,1,100000000,4999999950000000,0.260780
Baseline,1,100000000,4999999950000000,0.257163
Baseline,1,100000000,4999999950000000,0.262420
Baseline,1,100000000,4999999950000000,0.260730
Baseline,1,100000000,4999999950000000,0.262071
Baseline,1,100000000,4999999950000000,0.261420
Baseline,1,100000000,4999999950000000,0.259649
Baseline,1,100000000,4999999950000000,0.258553
Baseline,1,100000000,4999999950000000,0.261987
Baseline,1,100000000,4999999950000000,0.263705
Baseline,1,100000000,4999999950000000,0.261024
Baseline,1,100000000,4999999950000000,0.259505
Baseline,1,100000000,4999999950000000,0.257551
Baseline,1,100000000,4999999950000000,0.261781
Baseline,1,100000000,4999999950000000,0.261918
Baseline,1,100000000,4999999950000000,0.258201
Baseline,1,100000000,4999999950000000,0.259116
Baseline,1,100000000,4999999950000000,0.258889
Baseline,1,100000000,4999999950000000,0.261489
Baseline,1,100000000,4999999950000000,0.263378
Baseline,1,100000000,4999999950000000,0.260019
Baseline,1,100000000,4999999950000000,0.257710
Baseline,1,100000000,4999999950000000,0.258116
Baseline,1,100000000,4999999950000000,0.259460
Baseline,1,100000000,4999999950000000,0.261255
Baseline,1,100000000,4999999950000000,0.260925
Baseline,1,100000000,4999999950000000,0.259509
Baseline,1,100000000,4999999950000000,0.261935
Baseline,1,100000000,4999999950000000,0.257968
Baseline,1,100000000,4999999950000000,0.262201
Baseline,1,100000000,4999999950000000,0.263052
Baseline,1,100000000,4999999950000000,0.257409
Baseline,1,100000000,4999999950000000,0.260155
Baseline,1,100000000,4999999950000000,0.263279
Baseline,1,100000000,4999999950000000,0.257871
Baseline,1,100000000,4999999950000000,0.260439
Baseline,1,100000000,4999999950000000,0.264627
Baseline,1,100000000,4999999950000000,0.263395
Baseline,1,100000000,4999999950000000,0.258088
Baseline,1,100000000,4999999950000000,0.266621
Baseline,1,100000000,4999999950000000,0.264619
Baseline,1,100000000,4999999950000000,0.262768
Baseline,1,100000000,4999999950000000,0.268295
Baseline,1,100000000,4999999950000000,0.265697
Baseline,1,100000000,4999999950000000,0.261774
Baseline,1,100000000,4999999950000000,0.261894
Baseline,1,100000000,4999999950000000,0.261842
Baseline,1,100000000,4999999950000000,0.262720
Baseline,1,100000000,4999999950000000,0.265891
Baseline,1,100000000,4999999950000000,0.263611
Baseline,1,100000000,4999999950000000,0.261899
Baseline,1,100000000,4999999950000000,0.264543
Baseline,1,100000000,4999999950000000,0.266185
Baseline,1,100000000,4999999950000000,0.262812
Baseline,1,100000000,4999999950000000,0.262120
Baseline,1,100000000,4999999950000000,0.265638
Baseline,1,100000000,4999999950000000,0.264365
Baseline,1,100000000,4999999950000000,0.264453
Baseline,1,100000000,4999999950000000,0.261799
Baseline,1,100000000,4999999950000000,0.262022
Baseline,1,100000000,4999999950000000,0.262984
Baseline,1,100000000,4999999950000000,0.261558
Baseline,1,100000000,4999999950000000,0.261680
Baseline,1,100000000,4999999950000000,0.262352
Baseline,1,100000000,4999999950000000,0.264185
Baseline,1,100000000,4999999950000000,0.261990
Baseline,1,100000000,4999999950000000,0.267604
Baseline,1,100000000,4999999950000000,0.263797
Multithreading,2,100000000,4999999950000000,0.113144
Multithreading,2,100000000,4999999950000000,0.116265
Multithreading,2,100000000,4999999950000000,0.116897
Multithreading,2,100000000,4999999950000000,0.117463
Multithreading,2,100000000,4999999950000000,0.118088
Multithreading,2,100000000,4999999950000000,0.117255
Multithreading,2,100000000,4999999950000000,0.116860
Multithreading,2,100000000,4999999950000000,0.118783
Multithreading,2,100000000,4999999950000000,0.120344
Multithreading,2,100000000,4999999950000000,0.118923
Multithreading,2,100000000,4999999950000000,0.120152
Multithreading,2,100000000,4999999950000000,0.118021
Multithreading,2,100000000,4999999950000000,0.117020
Multithreading,2,100000000,4999999950000000,0.120378
Multithreading,2,100000000,4999999950000000,0.120519
Multithreading,2,100000000,4999999950000000,0.120308
Multithreading,2,100000000,4999999950000000,0.120467
Multithreading,2,100000000,4999999950000000,0.119998
Multithreading,2,100000000,4999999950000000,0.120043
Multithreading,2,100000000,4999999950000000,0.120504
Multithreading,2,100000000,4999999950000000,0.120276
Multithreading,2,100000000,4999999950000000,0.120495
Multithreading,2,100000000,4999999950000000,0.120628
Multithreading,2,100000000,4999999950000000,0.120337
Multithreading,2,100000000,4999999950000000,0.122057
Multithreading,2,100000000,4999999950000000,0.119940
Multithreading,2,100000000,4999999950000000,0.120545
Multithreading,2,100000000,4999999950000000,0.120316
Multithreading,2,100000000,4999999950000000,0.120492
Multithreading,2,100000000,4999999950000000,0.123151
Multithreading,2,100000000,4999999950000000,0.123839
Multithreading,2,100000000,4999999950000000,0.120386
Multithreading,2,100000000,4999999950000000,0.119975
Multithreading,2,100000000,4999999950000000,0.120394
Multithreading,2,100000000,4999999950000000,0.119368
Multithreading,2,100000000,4999999950000000,0.119980
Multithreading,2,100000000,4999999950000000,0.121888
Multithreading,2,100000000,4999999950000000,0.122936
Multithreading,2,100000000,4999999950000000,0.120368
Multithreading,2,100000000,4999999950000000,0.120646
Multithreading,2,100000000,4999999950000000,0.120449
Multithreading,2,100000000,4999999950000000,0.120181
Multithreading,2,100000000,4999999950000000,0.122137
Multithreading,2,100000000,4999999950000000,0.124647
Multithreading,2,100000000,4999999950000000,0.124251
Multithreading,2,100000000,4999999950000000,0.122377
Multithreading,2,100000000,4999999950000000,0.123171
Multithreading,2,100000000,4999999950000000,0.123817
Multithreading,2,100000000,4999999950000000,0.133496
Multithreading,2,100000000,4999999950000000,0.124694
Multithreading,2,100000000,4999999950000000,0.125169
Multithreading,2,100000000,4999999950000000,0.122168
Multithreading,2,100000000,4999999950000000,0.121737
Multithreading,2,100000000,4999999950000000,0.123356
Multithreading,2,100000000,4999999950000000,0.121978
Multithreading,2,100000000,4999999950000000,0.123605
Multithreading,2,100000000,4999999950000000,0.124993
Multithreading,2,100000000,4999999950000000,0.123276
Multithreading,2,100000000,4999999950000000,0.119395
Multithreading,2,100000000,4999999950000000,0.121893
Multithreading,2,100000000,4999999950000000,0.122622
Multithreading,2,100000000,4999999950000000,0.123599
Multithreading,2,100000000,4999999950000000,0.124847
Multithreading,2,100000000,4999999950000000,0.125105
Multithreading,2,100000000,4999999950000000,0.124628
Multithreading,2,100000000,4999999950000000,0.124396
Multithreading,2,100000000,4999999950000000,0.123882
Multithreading,2,100000000,4999999950000000,0.120440
Multithreading,2,100000000,4999999950000000,0.124223
Multithreading,2,100000000,4999999950000000,0.124371
Multithreading,2,100000000,4999999950000000,0.124230
Multithreading,2,100000000,4999999950000000,0.124554
Multithreading,2,100000000,4999999950000000,0.120785
Multithreading,2,100000000,4999999950000000,0.120251
Multithreading,2,100000000,4999999950000000,0.124300
Multithreading,2,100000000,4999999950000000,0.124210
Multithreading,2,100000000,4999999950000000,0.124415
Multithreading,2,100000000,4999999950000000,0.124516
Multithreading,2,100000000,4999999950000000,0.124026
Multithreading,2,100000000,4999999950000000,0.123839
Multithreading,2,100000000,4999999950000000,0.124217
Multithreading,2,100000000,4999999950000000,0.124278
Multithreading,2,100000000,4999999950000000,0.124363
Multithreading,2,100000000,4999999950000000,0.124336
Multithreading,2,100000000,4999999950000000,0.121447
Multithreading,2,100000000,4999999950000000,0.119550
Multithreading,2,100000000,4999999950000000,0.120392
Multithreading,2,100000000,4999999950000000,0.124170
Multithreading,2,100000000,4999999950000000,0.125857
Multithreading,2,100000000,4999999950000000,0.122031
Multithreading,2,100000000,4999999950000000,0.119655
Multithreading,2,100000000,4999999950000000,0.120298
Multithreading,2,100000000,4999999950000000,0.120201
Multithreading,2,100000000,4999999950000000,0.120232
Multithreading,2,100000000,4999999950000000,0.123227
Multithreading,2,100000000,4999999950000000,0.122699
Multithreading,2,100000000,4999999950000000,0.120289
Multithreading,2,100000000,4999999950000000,0.120313
Multithreading,2,100000000,4999999950000000,0.120364
Multithreading,2,100000000,4999999950000000,0.119976
Multiprocessing_fork,2,100000000,4999999950000000,0.126545
Multiprocessing_fork,2,100000000,4999999950000000,0.126896
Multiprocessing_fork,2,100000000,4999999950000000,0.125562
Multiprocessing_fork,2,100000000,4999999950000000,0.124253
Multiprocessing_fork,2,100000000,4999999950000000,0.121867
Multiprocessing_fork,2,100000000,4999999950000000,0.123032
Multiprocessing_fork,2,100000000,4999999950000000,0.124933
Multiprocessing_fork,2,100000000,4999999950000000,0.124205
Multiprocessing_fork,2,100000000,4999999950000000,0.130720
Multiprocessing_fork,2,100000000,4999999950000000,0.129683
Multiprocessing_fork,2,100000000,4999999950000000,0.127869
Multiprocessing_fork,2,100000000,4999999950000000,0.124058
Multiprocessing_fork,2,100000000,4999999950000000,0.123413
Multiprocessing_fork,2,100000000,4999999950000000,0.126740
Multiprocessing_fork,2,100000000,4999999950000000,0.127476
Multiprocessing_fork,2,100000000,4999999950000000,0.123622
Multiprocessing_fork,2,100000000,4999999950000000,0.123899
Multiprocessing_fork,2,100000000,4999999950000000,0.122239
Multiprocessing_fork,2,100000000,4999999950000000,0.124758
Multiprocessing_fork,2,100000000,4999999950000000,0.125268
Multiprocessing_fork,2,100000000,4999999950000000,0.128829
Multiprocessing_fork,2,100000000,4999999950000000,0.125300
Multiprocessing_fork,2,100000000,4999999950000000,0.124328
Multiprocessing_fork,2,100000000,4999999950000000,0.126092
Multiprocessing_fork,2,100000000,4999999950000000,0.125062
Multiprocessing_fork,2,100000000,4999999950000000,0.128774
Multiprocessing_fork,2,100000000,4999999950000000,0.127558
Multiprocessing_fork,2,100000000,4999999950000000,0.127485
Multiprocessing_fork,2,100000000,4999999950000000,0.126248
Multiprocessing_fork,2,100000000,4999999950000000,0.126346
Multiprocessing_fork,2,100000000,4999999950000000,0.123619
Multiprocessing_fork,2,100000000,4999999950000000,0.125042
Multiprocessing_fork,2,100000000,4999999950000000,0.128136
Multiprocessing_fork,2,100000000,4999999950000000,0.128945
Multiprocessing_fork,2,100000000,4999999950000000,0.126850
Multiprocessing_fork,2,100000000,4999999950000000,0.127195
Multiprocessing_fork,2,100000000,4999999950000000,0.125445
Multiprocessing_fork,2,100000000,4999999950000000,0.127777
Multiprocessing_fork,2,100000000,4999999950000000,0.127002
Multiprocessing_fork,2,100000000,4999999950000000,0.130730
Multiprocessing_fork,2,100000000,4999999950000000,0.129113
Multiprocessing_fork,2,100000000,4999999950000000,0.131230
Multiprocessing_fork,2,100000000,4999999950000000,0.127490
Multiprocessing_fork,2,100000000,4999999950000000,0.126402
Multiprocessing_fork,2,100000000,4999999950000000,0.125995
Multiprocessing_fork,2,100000000,4999999950000000,0.127590
Multiprocessing_fork,2,100000000,4999999950000000,0.132931
Multiprocessing_fork,2,100000000,4999999950000000,0.127891
Multiprocessing_fork,2,100000000,4999999950000000,0.126101
Multiprocessing_fork,2,100000000,4999999950000000,0.125137
Multiprocessing_fork,2,100000000,4999999950000000,0.125216
Multiprocessing_fork,2,100000000,4999999950000000,0.130019
Multiprocessing_fork,2,100000000,4999999950000000,0.129730
Multiprocessing_fork,2,100000000,4999999950000000,0.125282
Multiprocessing_fork,2,100000000,4999999950000000,0.126886
Multiprocessing_fork,2,100000000,4999999950000000,0.123796
Multiprocessing_fork,2,100000000,4999999950000000,0.127897
Multiprocessing_fork,2,100000000,4999999950000000,0.125747
Multiprocessing_fork,2,100000000,4999999950000000,0.128474
Multiprocessing_fork,2,100000000,4999999950000000,0.127853
Multiprocessing_fork,2,100000000,4999999950000000,0.124783
Multiprocessing_fork,2,100000000,4999999950000000,0.122241
Multiprocessing_fork,2,100000000,4999999950000000,0.124288
Multiprocessing_fork,2,100000000,4999999950000000,0.122277
Multiprocessing_fork,2,100000000,4999999950000000,0.131726
Multiprocessing_fork,2,100000000,4999999950000000,0.129222
Multiprocessing_fork,2,100000000,4999999950000000,0.123422
Multiprocessing_fork,2,100000000,4999999950000000,0.126905
Multiprocessing_fork,2,100000000,4999999950000000,0.129170
Multiprocessing_fork,2,100000000,4999999950000000,0.124027
Multiprocessing_fork,2,100000000,4999999950000000,0.123209
Multiprocessing_fork,2,100000000,4999999950000000,0.129668
Multiprocessing_fork,2,100000000,4999999950000000,0.122178
Multiprocessing_fork,2,100000000,4999999950000000,0.122764
Multiprocessing_fork,2,100000000,4999999950000000,0.125226
Multiprocessing_fork,2,100000000,4999999950000000,0.126423
Multiprocessing_fork,2,100000000,4999999950000000,0.132776
Multiprocessing_fork,2,100000000,4999999950000000,0.130875
Multiprocessing_fork,2,100000000,4999999950000000,0.130835
Multiprocessing_fork,2,100000000,4999999950000000,0.129521
Multiprocessing_fork,2,100000000,4999999950000000,0.130888
Multiprocessing_fork,2,100000000,4999999950000000,0.131156
Multiprocessing_fork,2,100000000,4999999950000000,0.130394
Multiprocessing_fork,2,100000000,4999999950000000,0.131520
Multiprocessing_fork,2,100000000,4999999950000000,0.128166
Multiprocessing_fork,2,100000000,4999999950000000,0.127900
Multiprocessing_fork,2,100000000,4999999950000000,0.126461
Multiprocessing_fork,2,100000000,4999999950000000,0.126117
Multiprocessing_fork,2,100000000,4999999950000000,0.131129
Multiprocessing_fork,2,100000000,4999999950000000,0.131026
Multiprocessing_fork,2,100000000,4999999950000000,0.128666
Multiprocessing_fork,2,100000000,4999999950000000,0.125734
Multiprocessing_fork,2,100000000,4999999950000000,0.125897
Multiprocessing_fork,2,100000000,4999999950000000,0.128683
Multiprocessing_fork,2,100000000,4999999950000000,0.134341
Multiprocessing_fork,2,100000000,4999999950000000,0.133984
Multiprocessing_fork,2,100000000,4999999950000000,0.134424
Multiprocessing_fork,2,100000000,4999999950000000,0.131509
Multiprocessing_fork,2,100000000,4999999950000000,0.130695
Multiprocessing_fork,2,100000000,4999999950000000,0.126977
Multiprocessing_popen,2,100000000,4999999950000000,0.148520
Multiprocessing_popen,2,100000000,4999999950000000,0.149740
Multiprocessing_popen,2,100000000,4999999950000000,0.149063
Multiprocessing_popen,2,100000000,4999999950000000,0.150132
Multiprocessing_popen,2,100000000,4999999950000000,0.152406
Multiprocessing_popen,2,100000000,4999999950000000,0.151763
Multiprocessing_popen,2,100000000,4999999950000000,0.153488
Multiprocessing_popen,2,100000000,4999999950000000,0.153047
Multiprocessing_popen,2,100000000,4999999950000000,0.149032
Multiprocessing_popen,2,100000000,4999999950000000,0.148122
Multiprocessing_popen,2,100000000,4999999950000000,0.146796
Multiprocessing_popen,2,100000000,4999999950000000,0.154034
Multiprocessing_popen,2,100000000,4999999950000000,0.153397
Multiprocessing_popen,2,100000000,4999999950000000,0.152070
Multiprocessing_popen,2,100000000,4999999950000000,0.148298
Multiprocessing_popen,2,100000000,4999999950000000,0.155777
Multiprocessing_popen,2,100000000,4999999950000000,0.152753
Multiprocessing_popen,2,100000000,4999999950000000,0.154669
Multiprocessing_popen,2,100000000,4999999950000000,0.154095
Multiprocessing_popen,2,100000000,4999999950000000,0.150369
Multiprocessing_popen,2,100000000,4999999950000000,0.149526
Multiprocessing_popen,2,100000000,4999999950000000,0.145586
Multiprocessing_popen,2,100000000,4999999950000000,0.148489
Multiprocessing_popen,2,100000000,4999999950000000,0.148712
Multiprocessing_popen,2,100000000,4999999950000000,0.148668
Multiprocessing_popen,2,100000000,4999999950000000,0.145417
Multiprocessing_popen,2,100000000,4999999950000000,0.149365
Multiprocessing_popen,2,100000000,4999999950000000,0.148021
Multiprocessing_popen,2,100000000,4999999950000000,0.148870
Multiprocessing_popen,2,100000000,4999999950000000,0.148651
Multiprocessing_popen,2,100000000,4999999950000000,0.152712
Multiprocessing_popen,2,100000000,4999999950000000,0.153155
Multiprocessing_popen,2,100000000,4999999950000000,0.148521
Multiprocessing_popen,2,100000000,4999999950000000,0.149364
Multiprocessing_popen,2,100000000,4999999950000000,0.149899
Multiprocessing_popen,2,100000000,4999999950000000,0.148324
Multiprocessing_popen,2,100000000,4999999950000000,0.149364
Multiprocessing_popen,2,100000000,4999999950000000,0.148877
Multiprocessing_popen,2,100000000,4999999950000000,0.147613
Multiprocessing_popen,2,100000000,4999999950000000,0.149746
Multiprocessing_popen,2,100000000,4999999950000000,0.147596
Multiprocessing_popen,2,100000000,4999999950000000,0.139797
Multiprocessing_popen,2,100000000,4999999950000000,0.136067
Multiprocessing_popen,2,100000000,4999999950000000,0.136004
Multiprocessing_popen,2,100000000,4999999950000000,0.136991
Multiprocessing_popen,2,100000000,4999999950000000,0.137743
Multiprocessing_popen,2,100000000,4999999950000000,0.138552
Multiprocessing_popen,2,100000000,4999999950000000,0.137565
Multiprocessing_popen,2,100000000,4999999950000000,0.136341
Multiprocessing_popen,2,100000000,4999999950000000,0.139172
Multiprocessing_popen,2,100000000,4999999950000000,0.138372
Multiprocessing_popen,2,100000000,4999999950000000,0.138946
Multiprocessing_popen,2,100000000,4999999950000000,0.140565
Multiprocessing_popen,2,100000000,4999999950000000,0.138965
Multiprocessing_popen,2,100000000,4999999950000000,0.139311
Multiprocessing_popen,2,100000000,4999999950000000,0.138762
Multiprocessing_popen,2,100000000,4999999950000000,0.139317
Multiprocessing_popen,2,100000000,4999999950000000,0.140694
Multiprocessing_popen,2,100000000,4999999950000000,0.139024
Multiprocessing_popen,2,100000000,4999999950000000,0.136530
Multiprocessing_popen,2,100000000,4999999950000000,0.138135
Multiprocessing_popen,2,100000000,4999999950000000,0.137916
Multiprocessing_popen,2,100000000,4999999950000000,0.140915
Multiprocessing_popen,2,100000000,4999999950000000,0.138092
Multiprocessing_popen,2,100000000,4999999950000000,0.139236
Multiprocessing_popen,2,100000000,4999999950000000,0.138652
Multiprocessing_popen,2,100000000,4999999950000000,0.139331
Multiprocessing_popen,2,100000000,4999999950000000,0.139532
Multiprocessing_popen,2,100000000,4999999950000000,0.141376
Multiprocessing_popen,2,100000000,4999999950000000,0.138273
Multiprocessing_popen,2,100000000,4999999950000000,0.137558
Multiprocessing_popen,2,100000000,4999999950000000,0.138640
Multiprocessing_popen,2,100000000,4999999950000000,0.140576
Multiprocessing_popen,2,100000000,4999999950000000,0.142822
Multiprocessing_popen,2,100000000,4999999950000000,0.136784
Multiprocessing_popen,2,100000000,4999999950000000,0.138143
Multiprocessing_popen,2,100000000,4999999950000000,0.139950
Multiprocessing_popen,2,100000000,4999999950000000,0.142013
Multiprocessing_popen,2,100000000,4999999950000000,0.139043
Multiprocessing_popen,2,100000000,4999999950000000,0.136780
Multiprocessing_popen,2,100000000,4999999950000000,0.140335
Multiprocessing_popen,2,100000000,4999999950000000,0.139403
Multiprocessing_popen,2,100000000,4999999950000000,0.138822
Multiprocessing_popen,2,100000000,4999999950000000,0.139822
Multiprocessing_popen,2,100000000,4999999950000000,0.143827
Multiprocessing_popen,2,100000000,4999999950000000,0.139288
Multiprocessing_popen,2,100000000,4999999950000000,0.141024
Multiprocessing_popen,2,100000000,4999999950000000,0.143223
Multiprocessing_popen,2,100000000,4999999950000000,0.143185
Multiprocessing_popen,2,100000000,4999999950000000,0.142324
Multiprocessing_popen,2,100000000,4999999950000000,0.140537
Multiprocessing_popen,2,100000000,4999999950000000,0.139015
Multiprocessing_popen,2,100000000,4999999950000000,0.142303
Multiprocessing_popen,2,100000000,4999999950000000,0.142290
Multiprocessing_popen,2,100000000,4999999950000000,0.142115
Multiprocessing_popen,2,100000000,4999999950000000,0.139058
Multiprocessing_popen,2,100000000,4999999950000000,0.141609
Multiprocessing_popen,2,100000000,4999999950000000,0.142158
Multiprocessing_popen,2,100000000,4999999950000000,0.138817
Multiprocessing_popen,2,100000000,4999999950000000,0.144455
Baseline,1,100000000,4999999950000000,0.273470
Baseline,1,100000000,4999999950000000,0.267921
Baseline,1,100000000,4999999950000000,0.267862
Baseline,1,100000000,4999999950000000,0.264654
Baseline,1,100000000,4999999950000000,0.266891
Baseline,1,100000000,4999999950000000,0.268697
Baseline,1,100000000,4999999950000000,0.265687
Baseline,1,100000000,4999999950000000,0.268142
Baseline,1,100000000,4999999950000000,0.268036
Baseline,1,100000000,4999999950000000,0.269626
Baseline,1,100000000,4999999950000000,0.261710
Baseline,1,100000000,4999999950000000,0.270582
Baseline,1,100000000,4999999950000000,0.272373
Baseline,1,100000000,4999999950000000,0.275659
Baseline,1,100000000,4999999950000000,0.271846
Baseline,1,100000000,4999999950000000,0.272083
Baseline,1,100000000,4999999950000000,0.273744
Baseline,1,100000000,4999999950000000,0.269113
Baseline,1,100000000,4999999950000000,0.269936
Baseline,1,100000000,4999999950000000,0.272706
Baseline,1,100000000,4999999950000000,0.268989
Baseline,1,100000000,4999999950000000,0.267722
Baseline,1,100000000,4999999950000000,0.271841
Baseline,1,100000000,4999999950000000,0.268292
Baseline,1,100000000,4999999950000000,0.270830
Baseline,1,100000000,4999999950000000,0.269975
Baseline,1,100000000,4999999950000000,0.269572
Baseline,1,100000000,4999999950000000,0.269220
Baseline,1,100000000,4999999950000000,0.269922
Baseline,1,100000000,4999999950000000,0.270330
Baseline,1,100000000,4999999950000000,0.267720
Baseline,1,100000000,4999999950000000,0.269967
Baseline,1,100000000,4999999950000000,0.267665
Baseline,1,100000000,4999999950000000,0.269760
Baseline,1,100000000,4999999950000000,0.268950
Baseline,1,100000000,4999999950000000,0.267347
Baseline,1,100000000,4999999950000000,0.269821
Baseline,1,100000000,4999999950000000,0.269126
Baseline,1,100000000,4999999950000000,0.268092
Baseline,1,100000000,4999999950000000,0.262786
Baseline,1,100000000,4999999950000000,0.264408
Baseline,1,100000000,4999999950000000,0.267484
Baseline,1,100000000,4999999950000000,0.268464
Baseline,1,100000000,4999999950000000,0.268709
Baseline,1,100000000,4999999950000000,0.266134
Baseline,1,100000000,4999999950000000,0.266641
Baseline,1,100000000,4999999950000000,0.257034
Baseline,1,100000000,4999999950000000,0.264320
Baseline,1,100000000,4999999950000000,0.262181
Baseline,1,100000000,4999999950000000,0.261632
Baseline,1,100000000,4999999950000000,0.261341
Baseline,1,100000000,4999999950000000,0.260447
Baseline,1,100000000,4999999950000000,0.263259
Baseline,1,100000000,4999999950000000,0.257534
Baseline,1,100000000,4999999950000000,0.260719
Baseline,1,100000000,4999999950000000,0.260667
Baseline,1,100000000,4999999950000000,0.258021
Baseline,1,100000000,4999999950000000,0.260884
Baseline,1,100000000,4999999950000000,0.263153
Baseline,1,100000000,4999999950000000,0.260894
Baseline,1,100000000,4999999950000000,0.260883
Baseline,1,100000000,4999999950000000,0.263470
Baseline,1,100000000,4999999950000000,0.269533
Baseline,1,100000000,4999999950000000,0.264699
Baseline,1,100000000,4999999950000000,0.267810
Baseline,1,100000000,4999999950000000,0.268273
Baseline,1,100000000,4999999950000000,0.266165
Baseline,1,100000000,4999999950000000,0.266023
Baseline,1,100000000,4999999950000000,0.267553
Baseline,1,100000000,4999999950000000,0.260050
Baseline,1,100000000,4999999950000000,0.267665
Baseline,1,100000000,4999999950000000,0.268463
Baseline,1,100000000,4999999950000000,0.269227
Baseline,1,100000000,4999999950000000,0.265715
Baseline,1,100000000,4999999950000000,0.266948
Baseline,1,100000000,4999999950000000,0.267905
Baseline,1,100000000,4999999950000000,0.268555
Baseline,1,100000000,4999999950000000,0.265920
Baseline,1,100000000,4999999950000000,0.264376
Baseline,1,100000000,4999999950000000,0.261198
Baseline,1,100000000,4999999950000000,0.261705
Baseline,1,100000000,4999999950000000,0.261719
Baseline,1,100000000,4999999950000000,0.261155
Baseline,1,100000000,4999999950000000,0.260179
Baseline,1,100000000,4999999950000000,0.262212
Baseline,1,100000000,4999999950000000,0.262449
Baseline,1,100000000,4999999950000000,0.263445
Baseline,1,100000000,4999999950000000,0.260190
Baseline,1,100000000,4999999950000000,0.260632
Baseline,1,100000000,4999999950000000,0.262748
Baseline,1,100000000,4999999950000000,0.264663
Baseline,1,100000000,4999999950000000,0.265078
Baseline,1,100000000,4999999950000000,0.267929
Baseline,1,100000000,4999999950000000,0.261975
Baseline,1,100000000,4999999950000000,0.262839
Baseline,1,100000000,4999999950000000,0.259535
Baseline,1,100000000,4999999950000000,0.259275
Baseline,1,100000000,4999999950000000,0.258725
Baseline,1,100000000,4999999950000000,0.264593
Baseline,1,100000000,4999999950000000,0.262166
Multithreading,4,100000000,4999999950000000,0.089175
Multithreading,4,100000000,4999999950000000,0.092174
Multithreading,4,100000000,4999999950000000,0.094241
Multithreading,4,100000000,4999999950000000,0.096972
Multithreading,4,100000000,4999999950000000,0.087864
Multithreading,4,100000000,4999999950000000,0.096301
Multithreading,4,100000000,4999999950000000,0.093417
Multithreading,4,100000000,4999999950000000,0.096427
Multithreading,4,100000000,4999999950000000,0.098996
Multithreading,4,100000000,4999999950000000,0.095398
Multithreading,4,100000000,4999999950000000,0.094385
Multithreading,4,100000000,4999999950000000,0.097404
Multithreading,4,100000000,4999999950000000,0.093284
Multithreading,4,100000000,4999999950000000,0.096834
Multithreading,4,100000000,4999999950000000,0.098560
Multithreading,4,100000000,4999999950000000,0.093922
Multithreading,4,100000000,4999999950000000,0.090026
Multithreading,4,100000000,4999999950000000,0.093706
Multithreading,4,100000000,4999999950000000,0.097469
Multithreading,4,100000000,4999999950000000,0.094975
Multithreading,4,100000000,4999999950000000,0.096418
Multithreading,4,100000000,4999999950000000,0.097443
Multithreading,4,100000000,4999999950000000,0.095964
Multithreading,4,100000000,4999999950000000,0.095225
Multithreading,4,100000000,4999999950000000,0.097481
Multithreading,4,100000000,4999999950000000,0.098674
Multithreading,4,100000000,4999999950000000,0.097849
Multithreading,4,100000000,4999999950000000,0.098174
Multithreading,4,100000000,4999999950000000,0.094937
Multithreading,4,100000000,4999999950000000,0.095550
Multithreading,4,100000000,4999999950000000,0.092953
Multithreading,4,100000000,4999999950000000,0.094433
Multithreading,4,100000000,4999999950000000,0.096015
Multithreading,4,100000000,4999999950000000,0.094916
Multithreading,4,100000000,4999999950000000,0.094341
Multithreading,4,100000000,4999999950000000,0.098931
Multithreading,4,100000000,4999999950000000,0.097050
Multithreading,4,100000000,4999999950000000,0.095196
Multithreading,4,100000000,4999999950000000,0.095507
Multithreading,4,100000000,4999999950000000,0.094247
Multithreading,4,100000000,4999999950000000,0.094310
Multithreading,4,100000000,4999999950000000,0.094695
Multithreading,4,100000000,4999999950000000,0.098515
Multithreading,4,100000000,4999999950000000,0.092129
Multithreading,4,100000000,4999999950000000,0.098243
Multithreading,4,100000000,4999999950000000,0.093936
Multithreading,4,100000000,4999999950000000,0.094882
Multithreading,4,100000000,4999999950000000,0.095174
Multithreading,4,100000000,4999999950000000,0.096522
Multithreading,4,100000000,4999999950000000,0.088878
Multithreading,4,100000000,4999999950000000,0.096897
Multithreading,4,100000000,4999999950000000,0.092448
Multithreading,4,100000000,4999999950000000,0.098597
Multithreading,4,100000000,4999999950000000,0.096109
Multithreading,4,100000000,4999999950000000,0.097572
Multithreading,4,100000000,4999999950000000,0.099290
Multithreading,4,100000000,4999999950000000,0.100374
Multithreading,4,100000000,4999999950000000,0.093645
Multithreading,4,100000000,4999999950000000,0.097733
Multithreading,4,100000000,4999999950000000,0.096318
Multithreading,4,100000000,4999999950000000,0.096045
Multithreading,4,100000000,4999999950000000,0.099581
Multithreading,4,100000000,4999999950000000,0.095568
Multithreading,4,100000000,4999999950000000,0.099997
Multithreading,4,100000000,4999999950000000,0.095016
Multithreading,4,100000000,4999999950000000,0.096426
Multithreading,4,100000000,4999999950000000,0.097995
Multithreading,4,100000000,4999999950000000,0.097864
Multithreading,4,100000000,4999999950000000,0.098329
Multithreading,4,100000000,4999999950000000,0.097855
Multithreading,4,100000000,4999999950000000,0.097043
Multithreading,4,100000000,4999999950000000,0.096038
Multithreading,4,100000000,4999999950000000,0.087147
Multithreading,4,100000000,4999999950000000,0.084478
Multithreading,4,100000000,4999999950000000,0.095746
Multithreading,4,100000000,4999999950000000,0.092830
Multithreading,4,100000000,4999999950000000,0.098753
Multithreading,4,100000000,4999999950000000,0.090665
Multithreading,4,100000000,4999999950000000,0.097934
Multithreading,4,100000000,4999999950000000,0.092943
Multithreading,4,100000000,4999999950000000,0.095939
Multithreading,4,100000000,4999999950000000,0.096388
Multithreading,4,100000000,4999999950000000,0.091045
Multithreading,4,100000000,4999999950000000,0.102216
Multithreading,4,100000000,4999999950000000,0.094326
Multithreading,4,100000000,4999999950000000,0.101066
Multithreading,4,100000000,4999999950000000,0.100065
Multithreading,4,100000000,4999999950000000,0.093378
Multithreading,4,100000000,4999999950000000,0.094790
Multithreading,4,100000000,4999999950000000,0.097534
Multithreading,4,100000000,4999999950000000,0.100550
Multithreading,4,100000000,4999999950000000,0.098154
Multithreading,4,100000000,4999999950000000,0.089928
Multithreading,4,100000000,4999999950000000,0.096443
Multithreading,4,100000000,4999999950000000,0.081387
Multithreading,4,100000000,4999999950000000,0.097648
Multithreading,4,100000000,4999999950000000,0.088035
Multithreading,4,100000000,4999999950000000,0.096961
Multithreading,4,100000000,4999999950000000,0.101910
Multithreading,4,100000000,4999999950000000,0.090024
Multiprocessing_fork,4,100000000,4999999950000000,0.093600
Multiprocessing_fork,4,100000000,4999999950000000,0.090494
Multiprocessing_fork,4,100000000,4999999950000000,0.089810
Multiprocessing_fork,4,100000000,4999999950000000,0.095450
Multiprocessing_fork,4,100000000,4999999950000000,0.091184
Multiprocessing_fork,4,100000000,4999999950000000,0.089402
Multiprocessing_fork,4,100000000,4999999950000000,0.094688
Multiprocessing_fork,4,100000000,4999999950000000,0.093403
Multiprocessing_fork,4,100000000,4999999950000000,0.090581
Multiprocessing_fork,4,100000000,4999999950000000,0.094453
Multiprocessing_fork,4,100000000,4999999950000000,0.091918
Multiprocessing_fork,4,100000000,4999999950000000,0.093698
Multiprocessing_fork,4,100000000,4999999950000000,0.092188
Multiprocessing_fork,4,100000000,4999999950000000,0.091847
Multiprocessing_fork,4,100000000,4999999950000000,0.092674
Multiprocessing_fork,4,100000000,4999999950000000,0.091968
Multiprocessing_fork,4,100000000,4999999950000000,0.091712
Multiprocessing_fork,4,100000000,4999999950000000,0.089463
Multiprocessing_fork,4,100000000,4999999950000000,0.090963
Multiprocessing_fork,4,100000000,4999999950000000,0.089877
Multiprocessing_fork,4,100000000,4999999950000000,0.094595
Multiprocessing_fork,4,100000000,4999999950000000,0.093703
Multiprocessing_fork,4,100000000,4999999950000000,0.093064
Multiprocessing_fork,4,100000000,4999999950000000,0.090415
Multiprocessing_fork,4,100000000,4999999950000000,0.092000
Multiprocessing_fork,4,100000000,4999999950000000,0.096081
Multiprocessing_fork,4,100000000,4999999950000000,0.094560
Multiprocessing_fork,4,100000000,4999999950000000,0.096013
Multiprocessing_fork,4,100000000,4999999950000000,0.090330
Multiprocessing_fork,4,100000000,4999999950000000,0.092852
Multiprocessing_fork,4,100000000,4999999950000000,0.091519
Multiprocessing_fork,4,100000000,4999999950000000,0.096218
Multiprocessing_fork,4,100000000,4999999950000000,0.088172
Multiprocessing_fork,4,100000000,4999999950000000,0.079152
Multiprocessing_fork,4,100000000,4999999950000000,0.091342
Multiprocessing_fork,4,100000000,4999999950000000,0.090531
Multiprocessing_fork,4,100000000,4999999950000000,0.089938
Multiprocessing_fork,4,100000000,4999999950000000,0.094956
Multiprocessing_fork,4,100000000,4999999950000000,0.092042
Multiprocessing_fork,4,100000000,4999999950000000,0.095842
Multiprocessing_fork,4,100000000,4999999950000000,0.089402
Multiprocessing_fork,4,100000000,4999999950000000,0.079921
Multiprocessing_fork,4,100000000,4999999950000000,0.094938
Multiprocessing_fork,4,100000000,4999999950000000,0.093039
Multiprocessing_fork,4,100000000,4999999950000000,0.090140
Multiprocessing_fork,4,100000000,4999999950000000,0.096536
Multiprocessing_fork,4,100000000,4999999950000000,0.093913
Multiprocessing_fork,4,100000000,4999999950000000,0.092618
Multiprocessing_fork,4,100000000,4999999950000000,0.090500
Multiprocessing_fork,4,100000000,4999999950000000,0.092366
Multiprocessing_fork,4,100000000,4999999950000000,0.092725
Multiprocessing_fork,4,100000000,4999999950000000,0.093460
Multiprocessing_fork,4,100000000,4999999950000000,0.093454
Multiprocessing_fork,4,100000000,4999999950000000,0.092619
Multiprocessing_fork,4,100000000,4999999950000000,0.089714
Multiprocessing_fork,4,100000000,4999999950000000,0.090433
Multiprocessing_fork,4,100000000,4999999950000000,0.090991
Multiprocessing_fork,4,100000000,4999999950000000,0.093788
Multiprocessing_fork,4,100000000,4999999950000000,0.092644
Multiprocessing_fork,4,100000000,4999999950000000,0.089175
Multiprocessing_fork,4,100000000,4999999950000000,0.095243
Multiprocessing_fork,4,100000000,4999999950000000,0.096140
Multiprocessing_fork,4,100000000,4999999950000000,0.092419
Multiprocessing_fork,4,100000000,4999999950000000,0.090114
Multiprocessing_fork,4,100000000,4999999950000000,0.090331
Multiprocessing_fork,4,100000000,4999999950000000,0.093028
Multiprocessing_fork,4,100000000,4999999950000000,0.090092
Multiprocessing_fork,4,100000000,4999999950000000,0.092290
Multiprocessing_fork,4,100000000,4999999950000000,0.089581
Multiprocessing_fork,4,100000000,4999999950000000,0.094144
Multiprocessing_fork,4,100000000,4999999950000000,0.093378
Multiprocessing_fork,4,100000000,4999999950000000,0.091445
Multiprocessing_fork,4,100000000,4999999950000000,0.097333
Multiprocessing_fork,4,100000000,4999999950000000,0.093026
Multiprocessing_fork,4,100000000,4999999950000000,0.092157
Multiprocessing_fork,4,100000000,4999999950000000,0.092890
Multiprocessing_fork,4,100000000,4999999950000000,0.089816
Multiprocessing_fork,4,100000000,4999999950000000,0.089898
Multiprocessing_fork,4,100000000,4999999950000000,0.090453
Multiprocessing_fork,4,100000000,4999999950000000,0.092667
Multiprocessing_fork,4,100000000,4999999950000000,0.094590
Multiprocessing_fork,4,100000000,4999999950000000,0.095366
Multiprocessing_fork,4,100000000,4999999950000000,0.090524
Multiprocessing_fork,4,100000000,4999999950000000,0.091820
Multiprocessing_fork,4,100000000,4999999950000000,0.095578
Multiprocessing_fork,4,100000000,4999999950000000,0.092821
Multiprocessing_fork,4,100000000,4999999950000000,0.089982
Multiprocessing_fork,4,100000000,4999999950000000,0.092297
Multiprocessing_fork,4,100000000,4999999950000000,0.087770
Multiprocessing_fork,4,100000000,4999999950000000,0.090717
Multiprocessing_fork,4,100000000,4999999950000000,0.094971
Multiprocessing_fork,4,100000000,4999999950000000,0.096509
Multiprocessing_fork,4,100000000,4999999950000000,0.091337
Multiprocessing_fork,4,100000000,4999999950000000,0.095364
Multiprocessing_fork,4,100000000,4999999950000000,0.092927
Multiprocessing_fork,4,100000000,4999999950000000,0.090823
Multiprocessing_fork,4,100000000,4999999950000000,0.092315
Multiprocessing_fork,4,100000000,4999999950000000,0.092434
Multiprocessing_fork,4,100000000,4999999950000000,0.089746
Multiprocessing_fork,4,100000000,4999999950000000,0.093141
Multiprocessing_popen,4,100000000,4999999950000000,0.086295
Multiprocessing_popen,4,100000000,4999999950000000,0.079815
Multiprocessing_popen,4,100000000,4999999950000000,0.079037
Multiprocessing_popen,4,100000000,4999999950000000,0.080858
Multiprocessing_popen,4,100000000,4999999950000000,0.083707
Multiprocessing_popen,4,100000000,4999999950000000,0.079968
Multiprocessing_popen,4,100000000,4999999950000000,0.080363
Multiprocessing_popen,4,100000000,4999999950000000,0.079801
Multiprocessing_popen,4,100000000,4999999950000000,0.080521
Multiprocessing_popen,4,100000000,4999999950000000,0.082139
Multiprocessing_popen,4,100000000,4999999950000000,0.083038
Multiprocessing_popen,4,100000000,4999999950000000,0.083404
Multiprocessing_popen,4,100000000,4999999950000000,0.079736
Multiprocessing_popen,4,100000000,4999999950000000,0.084612
Multiprocessing_popen,4,100000000,4999999950000000,0.080277
Multiprocessing_popen,4,100000000,4999999950000000,0.080734
Multiprocessing_popen,4,100000000,4999999950000000,0.081407
Multiprocessing_popen,4,100000000,4999999950000000,0.081475
Multiprocessing_popen,4,100000000,4999999950000000,0.081347
Multiprocessing_popen,4,100000000,4999999950000000,0.081475
Multiprocessing_popen,4,100000000,4999999950000000,0.085445
Multiprocessing_popen,4,100000000,4999999950000000,0.082419
Multiprocessing_popen,4,100000000,4999999950000000,0.081226
Multiprocessing_popen,4,100000000,4999999950000000,0.084646
Multiprocessing_popen,4,100000000,4999999950000000,0.081511
Multiprocessing_popen,4,100000000,4999999950000000,0.084406
Multiprocessing_popen,4,100000000,4999999950000000,0.081694
Multiprocessing_popen,4,100000000,4999999950000000,0.084351
Multiprocessing_popen,4,100000000,4999999950000000,0.081576
Multiprocessing_popen,4,100000000,4999999950000000,0.085130
Multiprocessing_popen,4,100000000,4999999950000000,0.083303
Multiprocessing_popen,4,100000000,4999999950000000,0.079871
Multiprocessing_popen,4,100000000,4999999950000000,0.080459
Multiprocessing_popen,4,100000000,4999999950000000,0.081505
Multiprocessing_popen,4,100000000,4999999950000000,0.085249
Multiprocessing_popen,4,100000000,4999999950000000,0.081793
Multiprocessing_popen,4,100000000,4999999950000000,0.080410
Multiprocessing_popen,4,100000000,4999999950000000,0.081567
Multiprocessing_popen,4,100000000,4999999950000000,0.086942
Multiprocessing_popen,4,100000000,4999999950000000,0.082149
Multiprocessing_popen,4,100000000,4999999950000000,0.085134
Multiprocessing_popen,4,100000000,4999999950000000,0.081553
Multiprocessing_popen,4,100000000,4999999950000000,0.084897
Multiprocessing_popen,4,100000000,4999999950000000,0.081849
Multiprocessing_popen,4,100000000,4999999950000000,0.086472
Multiprocessing_popen,4,100000000,4999999950000000,0.086508
Multiprocessing_popen,4,100000000,4999999950000000,0.087784
Multiprocessing_popen,4,100000000,4999999950000000,0.086661
Multiprocessing_popen,4,100000000,4999999950000000,0.086507
Multiprocessing_popen,4,100000000,4999999950000000,0.088397
Multiprocessing_popen,4,100000000,4999999950000000,0.080066
Multiprocessing_popen,4,100000000,4999999950000000,0.079566
Multiprocessing_popen,4,100000000,4999999950000000,0.100253
Multiprocessing_popen,4,100000000,4999999950000000,0.084486
Multiprocessing_popen,4,100000000,4999999950000000,0.079837
Multiprocessing_popen,4,100000000,4999999950000000,0.081341
Multiprocessing_popen,4,100000000,4999999950000000,0.086536
Multiprocessing_popen,4,100000000,4999999950000000,0.088392
Multiprocessing_popen,4,100000000,4999999950000000,0.081878
Multiprocessing_popen,4,100000000,4999999950000000,0.080697
Multiprocessing_popen,4,100000000,4999999950000000,0.079911
Multiprocessing_popen,4,100000000,4999999950000000,0.084598
Multiprocessing_popen,4,100000000,4999999950000000,0.081828
Multiprocessing_popen,4,100000000,4999999950000000,0.081222
Multiprocessing_popen,4,100000000,4999999950000000,0.081114
Multiprocessing_popen,4,100000000,4999999950000000,0.081233
Multiprocessing_popen,4,100000000,4999999950000000,0.082900
Multiprocessing_popen,4,100000000,4999999950000000,0.083231
Multiprocessing_popen,4,100000000,4999999950000000,0.099273
Multiprocessing_popen,4,100000000,4999999950000000,0.084768
Multiprocessing_popen,4,100000000,4999999950000000,0.088882
Multiprocessing_popen,4,100000000,4999999950000000,0.087599
Multiprocessing_popen,4,100000000,4999999950000000,0.086260
Multiprocessing_popen,4,100000000,4999999950000000,0.086282
Multiprocessing_popen,4,100000000,4999999950000000,0.086422
Multiprocessing_popen,4,100000000,4999999950000000,0.086692
Multiprocessing_popen,4,100000000,4999999950000000,0.086415
Multiprocessing_popen,4,100000000,4999999950000000,0.081789
Multiprocessing_popen,4,100000000,4999999950000000,0.083615
Multiprocessing_popen,4,100000000,4999999950000000,0.081810
Multiprocessing_popen,4,100000000,4999999950000000,0.080470
Multiprocessing_popen,4,100000000,4999999950000000,0.083058
Multiprocessing_popen,4,100000000,4999999950000000,0.083357
Multiprocessing_popen,4,100000000,4999999950000000,0.083029
Multiprocessing_popen,4,100000000,4999999950000000,0.081412
Multiprocessing_popen,4,100000000,4999999950000000,0.091620
Multiprocessing_popen,4,100000000,4999999950000000,0.081591
Multiprocessing_popen,4,100000000,4999999950000000,0.087089
Multiprocessing_popen,4,100000000,4999999950000000,0.081772
Multiprocessing_popen,4,100000000,4999999950000000,0.087319
Multiprocessing_popen,4,100000000,4999999950000000,0.081724
Multiprocessing_popen,4,100000000,4999999950000000,0.084412
Multiprocessing_popen,4,100000000,4999999950000000,0.081808
Multiprocessing_popen,4,100000000,4999999950000000,0.086911
Multiprocessing_popen,4,100000000,4999999950000000,0.081620
Multiprocessing_popen,4,100000000,4999999950000000,0.081286
Multiprocessing_popen,4,100000000,4999999950000000,0.087914
Multiprocessing_popen,4,100000000,4999999950000000,0.083123
Multiprocessing_popen,4,100000000,4999999950000000,0.080592
Multiprocessing_popen,4,100000000,4999999950000000,0.085167
Baseline,1,100000000,4999999950000000,0.291683
Baseline,1,100000000,4999999950000000,0.274983
Baseline,1,100000000,4999999950000000,0.281257
Baseline,1,100000000,4999999950000000,0.284959
Baseline,1,100000000,4999999950000000,0.270387
Baseline,1,100000000,4999999950000000,0.278158
Baseline,1,100000000,4999999950000000,0.272958
Baseline,1,100000000,4999999950000000,0.281264
Baseline,1,100000000,4999999950000000,0.282710
Baseline,1,100000000,4999999950000000,0.268591
Baseline,1,100000000,4999999950000000,0.270518
Baseline,1,100000000,4999999950000000,0.272682
Baseline,1,100000000,4999999950000000,0.277616
Baseline,1,100000000,4999999950000000,0.280410
Baseline,1,100000000,4999999950000000,0.276171
Baseline,1,100000000,4999999950000000,0.270015
Baseline,1,100000000,4999999950000000,0.276181
Baseline,1,100000000,4999999950000000,0.272214
Baseline,1,100000000,4999999950000000,0.272396
Baseline,1,100000000,4999999950000000,0.275505
Baseline,1,100000000,4999999950000000,0.269537
Baseline,1,100000000,4999999950000000,0.272419
Baseline,1,100000000,4999999950000000,0.270308
Baseline,1,100000000,4999999950000000,0.265417
Baseline,1,100000000,4999999950000000,0.264363
Baseline,1,100000000,4999999950000000,0.264465
Baseline,1,100000000,4999999950000000,0.265275
Baseline,1,100000000,4999999950000000,0.265811
Baseline,1,100000000,4999999950000000,0.262593
Baseline,1,100000000,4999999950000000,0.263941
Baseline,1,100000000,4999999950000000,0.263561
Baseline,1,100000000,4999999950000000,0.267396
Baseline,1,100000000,4999999950000000,0.265702
Baseline,1,100000000,4999999950000000,0.263725
Baseline,1,100000000,4999999950000000,0.264192
Baseline,1,100000000,4999999950000000,0.264372
Baseline,1,100000000,4999999950000000,0.263921
Baseline,1,100000000,4999999950000000,0.262726
Baseline,1,100000000,4999999950000000,0.258428
Baseline,1,100000000,4999999950000000,0.264334
Baseline,1,100000000,4999999950000000,0.265274
Baseline,1,100000000,4999999950000000,0.261598
Baseline,1,100000000,4999999950000000,0.263491
Baseline,1,100000000,4999999950000000,0.263770
Baseline,1,100000000,4999999950000000,0.261587
Baseline,1,100000000,4999999950000000,0.261731
Baseline,1,100000000,4999999950000000,0.263866
Baseline,1,100000000,4999999950000000,0.263869
Baseline,1,100000000,4999999950000000,0.262867
Baseline,1,100000000,4999999950000000,0.262131
Baseline,1,100000000,4999999950000000,0.262043
Baseline,1,100000000,4999999950000000,0.259951
Baseline,1,100000000,4999999950000000,0.261751
Baseline,1,100000000,4999999950000000,0.263195
Baseline,1,100000000,4999999950000000,0.263093
Baseline,1,100000000,4999999950000000,0.262942
Baseline,1,100000000,4999999950000000,0.263847
Baseline,1,100000000,4999999950000000,0.263902
Baseline,1,100000000,4999999950000000,0.265806
Baseline,1,100000000,4999999950000000,0.262476
Baseline,1,100000000,4999999950000000,0.260217
Baseline,1,100000000,4999999950000000,0.263274
Baseline,1,100000000,4999999950000000,0.263972
Baseline,1,100000000,4999999950000000,0.260397
Baseline,1,100000000,4999999950000000,0.262950
Baseline,1,100000000,4999999950000000,0.262803
Baseline,1,100000000,4999999950000000,0.261841
Baseline,1,100000000,4999999950000000,0.262227
Baseline,1,100000000,4999999950000000,0.262381
Baseline,1,100000000,4999999950000000,0.271599
Baseline,1,100000000,4999999950000000,0.265252
Baseline,1,100000000,4999999950000000,0.271701
Baseline,1,100000000,4999999950000000,0.273480
Baseline,1,100000000,4999999950000000,0.262770
Baseline,1,100000000,4999999950000000,0.262345
Baseline,1,100000000,4999999950000000,0.260822
Baseline,1,100000000,4999999950000000,0.263447
Baseline,1,100000000,4999999950000000,0.263925
Baseline,1,100000000,4999999950000000,0.262896
Baseline,1,100000000,4999999950000000,0.262348
Baseline,1,100000000,4999999950000000,0.264586
Baseline,1,100000000,4999999950000000,0.270360
Baseline,1,100000000,4999999950000000,0.263298
Baseline,1,100000000,4999999950000000,0.259741
Baseline,1,100000000,4999999950000000,0.261596
Baseline,1,100000000,4999999950000000,0.262288
Baseline,1,100000000,4999999950000000,0.263038
Baseline,1,100000000,4999999950000000,0.260558
Baseline,1,100000000,4999999950000000,0.262508
Baseline,1,100000000,4999999950000000,0.263107
Baseline,1,100000000,4999999950000000,0.262392
Baseline,1,100000000,4999999950000000,0.260051
Baseline,1,100000000,4999999950000000,0.264860
Baseline,1,100000000,4999999950000000,0.260087
Baseline,1,100000000,4999999950000000,0.262713
Baseline,1,100000000,4999999950000000,0.261469
Baseline,1,100000000,4999999950000000,0.262297
Baseline,1,100000000,4999999950000000,0.262013
Baseline,1,100000000,4999999950000000,0.260663
Baseline,1,100000000,4999999950000000,0.263839
Multithreading,8,100000000,4999999950000000,0.072410
Multithreading,8,100000000,4999999950000000,0.074754
Multithreading,8,100000000,4999999950000000,0.070933
Multithreading,8,100000000,4999999950000000,0.069361
Multithreading,8,100000000,4999999950000000,0.076889
Multithreading,8,100000000,4999999950000000,0.069352
Multithreading,8,100000000,4999999950000000,0.068384
Multithreading,8,100000000,4999999950000000,0.078350
Multithreading,8,100000000,4999999950000000,0.073173
Multithreading,8,100000000,4999999950000000,0.074462
Multithreading,8,100000000,4999999950000000,0.078632
Multithreading,8,100000000,4999999950000000,0.072732
Multithreading,8,100000000,4999999950000000,0.079378
Multithreading,8,100000000,4999999950000000,0.075938
Multithreading,8,100000000,4999999950000000,0.070278
Multithreading,8,100000000,4999999950000000,0.065753
Multithreading,8,100000000,4999999950000000,0.078898
Multithreading,8,100000000,4999999950000000,0.071611
Multithreading,8,100000000,4999999950000000,0.076639
Multithreading,8,100000000,4999999950000000,0.070191
Multithreading,8,100000000,4999999950000000,0.071507
Multithreading,8,100000000,4999999950000000,0.077967
Multithreading,8,100000000,4999999950000000,0.076692
Multithreading,8,100000000,4999999950000000,0.068839
Multithreading,8,100000000,4999999950000000,0.070528
Multithreading,8,100000000,4999999950000000,0.076646
Multithreading,8,100000000,4999999950000000,0.073107
Multithreading,8,100000000,4999999950000000,0.075501
Multithreading,8,100000000,4999999950000000,0.076679
Multithreading,8,100000000,4999999950000000,0.080133
Multithreading,8,100000000,4999999950000000,0.072803
Multithreading,8,100000000,4999999950000000,0.069308
Multithreading,8,100000000,4999999950000000,0.076040
Multithreading,8,100000000,4999999950000000,0.078697
Multithreading,8,100000000,4999999950000000,0.073342
Multithreading,8,100000000,4999999950000000,0.070382
Multithreading,8,100000000,4999999950000000,0.084367
Multithreading,8,100000000,4999999950000000,0.074172
Multithreading,8,100000000,4999999950000000,0.070590
Multithreading,8,100000000,4999999950000000,0.073064
Multithreading,8,100000000,4999999950000000,0.072720
Multithreading,8,100000000,4999999950000000,0.080057
Multithreading,8,100000000,4999999950000000,0.073889
Multithreading,8,100000000,4999999950000000,0.077605
Multithreading,8,100000000,4999999950000000,0.081999
Multithreading,8,100000000,4999999950000000,0.074770
Multithreading,8,100000000,4999999950000000,0.078897
Multithreading,8,100000000,4999999950000000,0.073773
Multithreading,8,100000000,4999999950000000,0.075795
Multithreading,8,100000000,4999999950000000,0.073850
Multithreading,8,100000000,4999999950000000,0.075794
Multithreading,8,100000000,4999999950000000,0.074362
Multithreading,8,100000000,4999999950000000,0.075349
Multithreading,8,100000000,4999999950000000,0.075156
Multithreading,8,100000000,4999999950000000,0.075880
Multithreading,8,100000000,4999999950000000,0.072997
Multithreading,8,100000000,4999999950000000,0.076883
Multithreading,8,100000000,4999999950000000,0.073242
Multithreading,8,100000000,4999999950000000,0.070897
Multithreading,8,100000000,4999999950000000,0.076449
Multithreading,8,100000000,4999999950000000,0.070518
Multithreading,8,100000000,4999999950000000,0.071199
Multithreading,8,100000000,4999999950000000,0.074770
Multithreading,8,100000000,4999999950000000,0.072481
Multithreading,8,100000000,4999999950000000,0.082282
Multithreading,8,100000000,4999999950000000,0.081021
Multithreading,8,100000000,4999999950000000,0.074474
Multithreading,8,100000000,4999999950000000,0.071926
Multithreading,8,100000000,4999999950000000,0.077325
Multithreading,8,100000000,4999999950000000,0.069560
Multithreading,8,100000000,4999999950000000,0.072814
Multithreading,8,100000000,4999999950000000,0.075500
Multithreading,8,100000000,4999999950000000,0.073792
Multithreading,8,100000000,4999999950000000,0.077612
Multithreading,8,100000000,4999999950000000,0.072066
Multithreading,8,100000000,4999999950000000,0.082238
Multithreading,8,100000000,4999999950000000,0.082428
Multithreading,8,100000000,4999999950000000,0.076434
Multithreading,8,100000000,4999999950000000,0.074945
Multithreading,8,100000000,4999999950000000,0.075841
Multithreading,8,100000000,4999999950000000,0.073311
Multithreading,8,100000000,4999999950000000,0.077169
Multithreading,8,100000000,4999999950000000,0.073997
Multithreading,8,100000000,4999999950000000,0.074530
Multithreading,8,100000000,4999999950000000,0.081408
Multithreading,8,100000000,4999999950000000,0.079275
Multithreading,8,100000000,4999999950000000,0.079655
Multithreading,8,100000000,4999999950000000,0.076473
Multithreading,8,100000000,4999999950000000,0.075943
Multithreading,8,100000000,4999999950000000,0.078938
Multithreading,8,100000000,4999999950000000,0.077811
Multithreading,8,100000000,4999999950000000,0.074569
Multithreading,8,100000000,4999999950000000,0.080733
Multithreading,8,100000000,4999999950000000,0.072780
Multithreading,8,100000000,4999999950000000,0.075520
Multithreading,8,100000000,4999999950000000,0.072710
Multithreading,8,100000000,4999999950000000,0.078809
Multithreading,8,100000000,4999999950000000,0.074612
Multithreading,8,100000000,4999999950000000,0.067962
Multithreading,8,100000000,4999999950000000,0.077704
Multiprocessing_fork,8,100000000,4999999950000000,0.068608
Multiprocessing_fork,8,100000000,4999999950000000,0.075178
Multiprocessing_fork,8,100000000,4999999950000000,0.086913
Multiprocessing_fork,8,100000000,4999999950000000,0.084778
Multiprocessing_fork,8,100000000,4999999950000000,0.072486
Multiprocessing_fork,8,100000000,4999999950000000,0.074963
Multiprocessing_fork,8,100000000,4999999950000000,0.070804
Multiprocessing_fork,8,100000000,4999999950000000,0.073185
Multiprocessing_fork,8,100000000,4999999950000000,0.079806
Multiprocessing_fork,8,100000000,4999999950000000,0.071572
Multiprocessing_fork,8,100000000,4999999950000000,0.077232
Multiprocessing_fork,8,100000000,4999999950000000,0.075830
Multiprocessing_fork,8,100000000,4999999950000000,0.073133
Multiprocessing_fork,8,100000000,4999999950000000,0.076199
Multiprocessing_fork,8,100000000,4999999950000000,0.077537
Multiprocessing_fork,8,100000000,4999999950000000,0.083342
Multiprocessing_fork,8,100000000,4999999950000000,0.075019
Multiprocessing_fork,8,100000000,4999999950000000,0.074657
Multiprocessing_fork,8,100000000,4999999950000000,0.082641
Multiprocessing_fork,8,100000000,4999999950000000,0.082875
Multiprocessing_fork,8,100000000,4999999950000000,0.073275
Multiprocessing_fork,8,100000000,4999999950000000,0.081208
Multiprocessing_fork,8,100000000,4999999950000000,0.074904
Multiprocessing_fork,8,100000000,4999999950000000,0.077768
Multiprocessing_fork,8,100000000,4999999950000000,0.073504
Multiprocessing_fork,8,100000000,4999999950000000,0.073853
Multiprocessing_fork,8,100000000,4999999950000000,0.074911
Multiprocessing_fork,8,100000000,4999999950000000,0.075259
Multiprocessing_fork,8,100000000,4999999950000000,0.078159
Multiprocessing_fork,8,100000000,4999999950000000,0.088907
Multiprocessing_fork,8,100000000,4999999950000000,0.082841
Multiprocessing_fork,8,100000000,4999999950000000,0.084817
Multiprocessing_fork,8,100000000,4999999950000000,0.103305
Multiprocessing_fork,8,100000000,4999999950000000,0.116484
Multiprocessing_fork,8,100000000,4999999950000000,0.102378
Multiprocessing_fork,8,100000000,4999999950000000,0.112489
Multiprocessing_fork,8,100000000,4999999950000000,0.092642
Multiprocessing_fork,8,100000000,4999999950000000,0.074734
Multiprocessing_fork,8,100000000,4999999950000000,0.080351
Multiprocessing_fork,8,100000000,4999999950000000,0.091672
Multiprocessing_fork,8,100000000,4999999950000000,0.080864
Multiprocessing_fork,8,100000000,4999999950000000,0.088557
Multiprocessing_fork,8,100000000,4999999950000000,0.073275
Multiprocessing_fork,8,100000000,4999999950000000,0.079198
Multiprocessing_fork,8,100000000,4999999950000000,0.097331
Multiprocessing_fork,8,100000000,4999999950000000,0.109151
Multiprocessing_fork,8,100000000,4999999950000000,0.104592
Multiprocessing_fork,8,100000000,4999999950000000,0.079068
Multiprocessing_fork,8,100000000,4999999950000000,0.076907
Multiprocessing_fork,8,100000000,4999999950000000,0.081437
Multiprocessing_fork,8,100000000,4999999950000000,0.112174
Multiprocessing_fork,8,100000000,4999999950000000,0.096301
Multiprocessing_fork,8,100000000,4999999950000000,0.078966
Multiprocessing_fork,8,100000000,4999999950000000,0.081091
Multiprocessing_fork,8,100000000,4999999950000000,0.097733
Multiprocessing_fork,8,100000000,4999999950000000,0.096662
Multiprocessing_fork,8,100000000,4999999950000000,0.113348
Multiprocessing_fork,8,100000000,4999999950000000,0.085972
Multiprocessing_fork,8,100000000,4999999950000000,0.082565
Multiprocessing_fork,8,100000000,4999999950000000,0.092052
Multiprocessing_fork,8,100000000,4999999950000000,0.075102
Multiprocessing_fork,8,100000000,4999999950000000,0.074897
Multiprocessing_fork,8,100000000,4999999950000000,0.071832
Multiprocessing_fork,8,100000000,4999999950000000,0.072675
Multiprocessing_fork,8,100000000,4999999950000000,0.076791
Multiprocessing_fork,8,100000000,4999999950000000,0.069930
Multiprocessing_fork,8,100000000,4999999950000000,0.085398
Multiprocessing_fork,8,100000000,4999999950000000,0.090319
Multiprocessing_fork,8,100000000,4999999950000000,0.075750
Multiprocessing_fork,8,100000000,4999999950000000,0.074123
Multiprocessing_fork,8,100000000,4999999950000000,0.080020
Multiprocessing_fork,8,100000000,4999999950000000,0.075878
Multiprocessing_fork,8,100000000,4999999950000000,0.076993
Multiprocessing_fork,8,100000000,4999999950000000,0.075206
Multiprocessing_fork,8,100000000,4999999950000000,0.074261
Multiprocessing_fork,8,100000000,4999999950000000,0.076003
Multiprocessing_fork,8,100000000,4999999950000000,0.091553
Multiprocessing_fork,8,100000000,4999999950000000,0.074099
Multiprocessing_fork,8,100000000,4999999950000000,0.080233
Multiprocessing_fork,8,100000000,4999999950000000,0.090585
Multiprocessing_fork,8,100000000,4999999950000000,0.085486
Multiprocessing_fork,8,100000000,4999999950000000,0.078671
Multiprocessing_fork,8,100000000,4999999950000000,0.072773
Multiprocessing_fork,8,100000000,4999999950000000,0.075148
Multiprocessing_fork,8,100000000,4999999950000000,0.075732
Multiprocessing_fork,8,100000000,4999999950000000,0.085954
Multiprocessing_fork,8,100000000,4999999950000000,0.076473
Multiprocessing_fork,8,100000000,4999999950000000,0.077912
Multiprocessing_fork,8,100000000,4999999950000000,0.081957
Multiprocessing_fork,8,100000000,4999999950000000,0.076914
Multiprocessing_fork,8,100000000,4999999950000000,0.076064
Multiprocessing_fork,8,100000000,4999999950000000,0.075237
Multiprocessing_fork,8,100000000,4999999950000000,0.072971
Multiprocessing_fork,8,100000000,4999999950000000,0.080908
Multiprocessing_fork,8,100000000,4999999950000000,0.075149
Multiprocessing_fork,8,100000000,4999999950000000,0.102875
Multiprocessing_fork,8,100000000,4999999950000000,0.083752
Multiprocessing_fork,8,100000000,4999999950000000,0.092630
Multiprocessing_fork,8,100000000,4999999950000000,0.088161
Multiprocessing_fork,8,100000000,4999999950000000,0.073929
Multiprocessing_popen,8,100000000,4999999950000000,0.082412
Multiprocessing_popen,8,100000000,4999999950000000,0.072313
Multiprocessing_popen,8,100000000,4999999950000000,0.069090
Multiprocessing_popen,8,100000000,4999999950000000,0.083095
Multiprocessing_popen,8,100000000,4999999950000000,0.066706
Multiprocessing_popen,8,100000000,4999999950000000,0.073581
Multiprocessing_popen,8,100000000,4999999950000000,0.070141
Multiprocessing_popen,8,100000000,4999999950000000,0.075244
Multiprocessing_popen,8,100000000,4999999950000000,0.069903
Multiprocessing_popen,8,100000000,4999999950000000,0.070187
Multiprocessing_popen,8,100000000,4999999950000000,0.071546
Multiprocessing_popen,8,100000000,4999999950000000,0.071769
Multiprocessing_popen,8,100000000,4999999950000000,0.069271
Multiprocessing_popen,8,100000000,4999999950000000,0.076769
Multiprocessing_popen,8,100000000,4999999950000000,0.067257
Multiprocessing_popen,8,100000000,4999999950000000,0.078286
Multiprocessing_popen,8,100000000,4999999950000000,0.069182
Multiprocessing_popen,8,100000000,4999999950000000,0.069230
Multiprocessing_popen,8,100000000,4999999950000000,0.070279
Multiprocessing_popen,8,100000000,4999999950000000,0.072298
Multiprocessing_popen,8,100000000,4999999950000000,0.080745
Multiprocessing_popen,8,100000000,4999999950000000,0.066285
Multiprocessing_popen,8,100000000,4999999950000000,0.069429
Multiprocessing_popen,8,100000000,4999999950000000,0.071260
Multiprocessing_popen,8,100000000,4999999950000000,0.069811
Multiprocessing_popen,8,100000000,4999999950000000,0.069827
Multiprocessing_popen,8,100000000,4999999950000000,0.070922
Multiprocessing_popen,8,100000000,4999999950000000,0.077499
Multiprocessing_popen,8,100000000,4999999950000000,0.070574
Multiprocessing_popen,8,100000000,4999999950000000,0.073882
Multiprocessing_popen,8,100000000,4999999950000000,0.070302
Multiprocessing_popen,8,100000000,4999999950000000,0.070021
Multiprocessing_popen,8,100000000,4999999950000000,0.073293
Multiprocessing_popen,8,100000000,4999999950000000,0.073744
Multiprocessing_popen,8,100000000,4999999950000000,0.069713
Multiprocessing_popen,8,100000000,4999999950000000,0.070211
Multiprocessing_popen,8,100000000,4999999950000000,0.069449
Multiprocessing_popen,8,100000000,4999999950000000,0.072048
Multiprocessing_popen,8,100000000,4999999950000000,0.075632
Multiprocessing_popen,8,100000000,4999999950000000,0.078965
Multiprocessing_popen,8,100000000,4999999950000000,0.079968
Multiprocessing_popen,8,100000000,4999999950000000,0.069835
Multiprocessing_popen,8,100000000,4999999950000000,0.071782
Multiprocessing_popen,8,100000000,4999999950000000,0.069723
Multiprocessing_popen,8,100000000,4999999950000000,0.070058
Multiprocessing_popen,8,100000000,4999999950000000,0.073053
Multiprocessing_popen,8,100000000,4999999950000000,0.077540
Multiprocessing_popen,8,100000000,4999999950000000,0.076394
Multiprocessing_popen,8,100000000,4999999950000000,0.071177
Multiprocessing_popen,8,100000000,4999999950000000,0.068323
Multiprocessing_popen,8,100000000,4999999950000000,0.072299
Multiprocessing_popen,8,100000000,4999999950000000,0.073804
Multiprocessing_popen,8,100000000,4999999950000000,0.070459
Multiprocessing_popen,8,100000000,4999999950000000,0.070028
Multiprocessing_popen,8,100000000,4999999950000000,0.071464
Multiprocessing_popen,8,100000000,4999999950000000,0.085722
Multiprocessing_popen,8,100000000,4999999950000000,0.070690
Multiprocessing_popen,8,100000000,4999999950000000,0.069349
Multiprocessing_popen,8,100000000,4999999950000000,0.074279
Multiprocessing_popen,8,100000000,4999999950000000,0.070185
Multiprocessing_popen,8,100000000,4999999950000000,0.072271
Multiprocessing_popen,8,100000000,4999999950000000,0.071486
Multiprocessing_popen,8,100000000,4999999950000000,0.073006
Multiprocessing_popen,8,100000000,4999999950000000,0.077546
Multiprocessing_popen,8,100000000,4999999950000000,0.070092
Multiprocessing_popen,8,100000000,4999999950000000,0.069637
Multiprocessing_popen,8,100000000,4999999950000000,0.077549
Multiprocessing_popen,8,100000000,4999999950000000,0.069975
Multiprocessing_popen,8,100000000,4999999950000000,0.068674
Multiprocessing_popen,8,100000000,4999999950000000,0.069672
Multiprocessing_popen,8,100000000,4999999950000000,0.069705
Multiprocessing_popen,8,100000000,4999999950000000,0.067241
Multiprocessing_popen,8,100000000,4999999950000000,0.071487
Multiprocessing_popen,8,100000000,4999999950000000,0.072408
Multiprocessing_popen,8,100000000,4999999950000000,0.073598
Multiprocessing_popen,8,100000000,4999999950000000,0.077690
Multiprocessing_popen,8,100000000,4999999950000000,0.078457
Multiprocessing_popen,8,100000000,4999999950000000,0.066393
Multiprocessing_popen,8,100000000,4999999950000000,0.072828
Multiprocessing_popen,8,100000000,4999999950000000,0.078211
Multiprocessing_popen,8,100000000,4999999950000000,0.069117
Multiprocessing_popen,8,100000000,4999999950000000,0.073673
Multiprocessing_popen,8,100000000,4999999950000000,0.073447
Multiprocessing_popen,8,100000000,4999999950000000,0.074205
Multiprocessing_popen,8,100000000,4999999950000000,0.069561
Multiprocessing_popen,8,100000000,4999999950000000,0.076700
Multiprocessing_popen,8,100000000,4999999950000000,0.068809
Multiprocessing_popen,8,100000000,4999999950000000,0.080646
Multiprocessing_popen,8,100000000,4999999950000000,0.066868
Multiprocessing_popen,8,100000000,4999999950000000,0.072708
Multiprocessing_popen,8,100000000,4999999950000000,0.071429
Multiprocessing_popen,8,100000000,4999999950000000,0.068991
Multiprocessing_popen,8,100000000,4999999950000000,0.072520
Multiprocessing_popen,8,100000000,4999999950000000,0.074730
Multiprocessing_popen,8,100000000,4999999950000000,0.069874
Multiprocessing_popen,8,100000000,4999999950000000,0.069387
Multiprocessing_popen,8,100000000,4999999950000000,0.067475
Multiprocessing_popen,8,100000000,4999999950000000,0.073773
Multiprocessing_popen,8,100000000,4999999950000000,0.069436
Multiprocessing_popen,8,100000000,4999999950000000,0.066603
Baseline,1,1000000000,499999999500000000,2.859326
Baseline,1,1000000000,499999999500000000,2.781306
Baseline,1,1000000000,499999999500000000,2.739712
Baseline,1,1000000000,499999999500000000,2.742019
Baseline,1,1000000000,499999999500000000,2.823854
Baseline,1,1000000000,499999999500000000,2.783146
Baseline,1,1000000000,499999999500000000,2.779613
Baseline,1,1000000000,499999999500000000,2.761003
Baseline,1,1000000000,499999999500000000,2.754454
Baseline,1,1000000000,499999999500000000,2.746303
Baseline,1,1000000000,499999999500000000,2.741725
Baseline,1,1000000000,499999999500000000,2.734220
Baseline,1,1000000000,499999999500000000,2.686412
Baseline,1,1000000000,499999999500000000,2.748943
Baseline,1,1000000000,499999999500000000,2.677896
Baseline,1,1000000000,499999999500000000,2.757363
Baseline,1,1000000000,499999999500000000,2.742858
Baseline,1,1000000000,499999999500000000,2.740943
Baseline,1,1000000000,499999999500000000,2.750683
Baseline,1,1000000000,499999999500000000,2.739767
Baseline,1,1000000000,499999999500000000,2.732717
Baseline,1,1000000000,499999999500000000,2.743418
Baseline,1,1000000000,499999999500000000,2.726346
Baseline,1,1000000000,499999999500000000,2.729156
Baseline,1,1000000000,499999999500000000,2.726273
Baseline,1,1000000000,499999999500000000,2.725497
Baseline,1,1000000000,499999999500000000,2.729005
Baseline,1,1000000000,499999999500000000,2.732104
Baseline,1,1000000000,499999999500000000,2.718988
Baseline,1,1000000000,499999999500000000,2.721071
Baseline,1,1000000000,499999999500000000,2.721367
Baseline,1,1000000000,499999999500000000,2.737444
Baseline,1,1000000000,499999999500000000,2.730853
Baseline,1,1000000000,499999999500000000,2.719040
Baseline,1,1000000000,499999999500000000,2.725565
Baseline,1,1000000000,499999999500000000,2.730707
Baseline,1,1000000000,499999999500000000,2.717120
Baseline,1,1000000000,499999999500000000,2.722128
Baseline,1,1000000000,499999999500000000,2.733561
Baseline,1,1000000000,499999999500000000,2.728135
Baseline,1,1000000000,499999999500000000,2.717913
Baseline,1,1000000000,499999999500000000,2.725149
Baseline,1,1000000000,499999999500000000,2.726145
Baseline,1,1000000000,499999999500000000,2.730630
Baseline,1,1000000000,499999999500000000,2.717344
Baseline,1,1000000000,499999999500000000,2.728483
Baseline,1,1000000000,499999999500000000,2.659432
Baseline,1,1000000000,499999999500000000,2.661611
Baseline,1,1000000000,499999999500000000,2.739109
Baseline,1,1000000000,499999999500000000,2.685662
Baseline,1,1000000000,499999999500000000,2.672168
Baseline,1,1000000000,499999999500000000,2.666481
Baseline,1,1000000000,499999999500000000,2.750303
Baseline,1,1000000000,499999999500000000,2.737989
Baseline,1,1000000000,499999999500000000,2.736195
Baseline,1,1000000000,499999999500000000,2.725956
Baseline,1,1000000000,499999999500000000,2.725878
Baseline,1,1000000000,499999999500000000,2.724908
Baseline,1,1000000000,499999999500000000,2.746146
Baseline,1,1000000000,499999999500000000,2.738554
Baseline,1,1000000000,499999999500000000,2.728898
Baseline,1,1000000000,499999999500000000,2.729163
Baseline,1,1000000000,499999999500000000,2.724102
Baseline,1,1000000000,499999999500000000,2.736212
Baseline,1,1000000000,499999999500000000,2.711702
Baseline,1,1000000000,499999999500000000,2.663390
Baseline,1,1000000000,499999999500000000,2.727681
Baseline,1,1000000000,499999999500000000,2.721417
Baseline,1,1000000000,499999999500000000,2.722903
Baseline,1,1000000000,499999999500000000,2.730716
Baseline,1,1000000000,499999999500000000,2.728810
Baseline,1,1000000000,499999999500000000,2.725830
Baseline,1,1000000000,499999999500000000,2.711240
Baseline,1,1000000000,499999999500000000,2.704001
Baseline,1,1000000000,499999999500000000,2.714312
Baseline,1,1000000000,499999999500000000,2.708253
Baseline,1,1000000000,499999999500000000,2.716129
Baseline,1,1000000000,499999999500000000,2.673100
Baseline,1,1000000000,499999999500000000,2.717261
Baseline,1,1000000000,499999999500000000,2.675630
Baseline,1,1000000000,499999999500000000,2.657322
Baseline,1,1000000000,499999999500000000,2.659356
Baseline,1,1000000000,499999999500000000,2.664774
Baseline,1,1000000000,499999999500000000,2.670735
Baseline,1,1000000000,499999999500000000,2.730124
Baseline,1,1000000000,499999999500000000,2.742881
Baseline,1,1000000000,499999999500000000,2.725061
Baseline,1,1000000000,499999999500000000,2.660350
Baseline,1,1000000000,499999999500000000,2.737024
Baseline,1,1000000000,499999999500000000,2.726087
Baseline,1,1000000000,499999999500000000,2.721058
Baseline,1,1000000000,499999999500000000,2.715843
Baseline,1,1000000000,499999999500000000,2.672536
Baseline,1,1000000000,499999999500000000,2.673970
Baseline,1,1000000000,499999999500000000,2.728617
Baseline,1,1000000000,499999999500000000,2.673733
Baseline,1,1000000000,499999999500000000,2.732082
Baseline,1,1000000000,499999999500000000,2.735119
Baseline,1,1000000000,499999999500000000,2.715524
Baseline,1,1000000000,499999999500000000,2.727934
Multithreading,2,1000000000,499999999500000000,1.192222
Multithreading,2,1000000000,499999999500000000,1.209535
Multithreading,2,1000000000,499999999500000000,1.203018
Multithreading,2,1000000000,499999999500000000,1.224051
Multithreading,2,1000000000,499999999500000000,1.214303
Multithreading,2,1000000000,499999999500000000,1.240173
Multithreading,2,1000000000,499999999500000000,1.232273
Multithreading,2,1000000000,499999999500000000,1.246490
Multithreading,2,1000000000,499999999500000000,1.232581
Multithreading,2,1000000000,499999999500000000,1.238879
Multithreading,2,1000000000,499999999500000000,1.239144
Multithreading,2,1000000000,499999999500000000,1.238099
Multithreading,2,1000000000,499999999500000000,1.260837
Multithreading,2,1000000000,499999999500000000,1.254657
Multithreading,2,1000000000,499999999500000000,1.247382
Multithreading,2,1000000000,499999999500000000,1.244451
Multithreading,2,1000000000,499999999500000000,1.253645
Multithreading,2,1000000000,499999999500000000,1.251069
Multithreading,2,1000000000,499999999500000000,1.265741
Multithreading,2,1000000000,499999999500000000,1.252351
Multithreading,2,1000000000,499999999500000000,1.255438
Multithreading,2,1000000000,499999999500000000,1.256347
Multithreading,2,1000000000,499999999500000000,1.277485
Multithreading,2,1000000000,499999999500000000,1.271575
Multithreading,2,1000000000,499999999500000000,1.271307
Multithreading,2,1000000000,499999999500000000,1.284687
Multithreading,2,1000000000,499999999500000000,1.263173
Multithreading,2,1000000000,499999999500000000,1.281817
Multithreading,2,1000000000,499999999500000000,1.268402
Multithreading,2,1000000000,499999999500000000,1.265554
Multithreading,2,1000000000,499999999500000000,1.281757
Multithreading,2,1000000000,499999999500000000,1.279149
Multithreading,2,1000000000,499999999500000000,1.270590
Multithreading,2,1000000000,499999999500000000,1.284574
Multithreading,2,1000000000,499999999500000000,1.287679
Multithreading,2,1000000000,499999999500000000,1.284719
Multithreading,2,1000000000,499999999500000000,1.287395
Multithreading,2,1000000000,499999999500000000,1.280559
Multithreading,2,1000000000,499999999500000000,1.283321
Multithreading,2,1000000000,499999999500000000,1.288076
Multithreading,2,1000000000,499999999500000000,1.283431
Multithreading,2,1000000000,499999999500000000,1.286656
Multithreading,2,1000000000,499999999500000000,1.284954
Multithreading,2,1000000000,499999999500000000,1.281341
Multithreading,2,1000000000,499999999500000000,1.268608
Multithreading,2,1000000000,499999999500000000,1.282845
Multithreading,2,1000000000,499999999500000000,1.282572
Multithreading,2,1000000000,499999999500000000,1.281559
Multithreading,2,1000000000,499999999500000000,1.286747
Multithreading,2,1000000000,499999999500000000,1.285316
Multithreading,2,1000000000,499999999500000000,1.284249
Multithreading,2,1000000000,499999999500000000,1.277610
Multithreading,2,1000000000,499999999500000000,1.277972
Multithreading,2,1000000000,499999999500000000,1.265957
Multithreading,2,1000000000,499999999500000000,1.296562
Multithreading,2,1000000000,499999999500000000,1.288833
Multithreading,2,1000000000,499999999500000000,1.283229
Multithreading,2,1000000000,499999999500000000,1.289395
Multithreading,2,1000000000,499999999500000000,1.289414
Multithreading,2,1000000000,499999999500000000,1.293420
Multithreading,2,1000000000,499999999500000000,1.283583
Multithreading,2,1000000000,499999999500000000,1.290705
Multithreading,2,1000000000,499999999500000000,1.292857
Multithreading,2,1000000000,499999999500000000,1.288084
Multithreading,2,1000000000,499999999500000000,1.257845
Multithreading,2,1000000000,499999999500000000,1.292870
Multithreading,2,1000000000,499999999500000000,1.257449
Multithreading,2,1000000000,499999999500000000,1.287698
Multithreading,2,1000000000,499999999500000000,1.278517
Multithreading,2,1000000000,499999999500000000,1.284540
Multithreading,2,1000000000,499999999500000000,1.289490
Multithreading,2,1000000000,499999999500000000,1.267011
Multithreading,2,1000000000,499999999500000000,1.285782
Multithreading,2,1000000000,499999999500000000,1.295349
Multithreading,2,1000000000,499999999500000000,1.295819
Multithreading,2,1000000000,499999999500000000,1.290120
Multithreading,2,1000000000,499999999500000000,1.290801
Multithreading,2,1000000000,499999999500000000,1.281326
Multithreading,2,1000000000,499999999500000000,1.297156
Multithreading,2,1000000000,499999999500000000,1.282327
Multithreading,2,1000000000,499999999500000000,1.296434
Multithreading,2,1000000000,499999999500000000,1.302243
Multithreading,2,1000000000,499999999500000000,1.291691
Multithreading,2,1000000000,499999999500000000,1.293443
Multithreading,2,1000000000,499999999500000000,1.292628
Multithreading,2,1000000000,499999999500000000,1.282903
Multithreading,2,1000000000,499999999500000000,1.291511
Multithreading,2,1000000000,499999999500000000,1.292089
Multithreading,2,1000000000,499999999500000000,1.296639
Multithreading,2,1000000000,499999999500000000,1.274105
Multithreading,2,1000000000,499999999500000000,1.296399
Multithreading,2,1000000000,499999999500000000,1.292332
Multithreading,2,1000000000,499999999500000000,1.269332
Multithreading,2,1000000000,499999999500000000,1.289860
Multithreading,2,1000000000,499999999500000000,1.288884
Multithreading,2,1000000000,499999999500000000,1.295065
Multithreading,2,1000000000,499999999500000000,1.284435
Multithreading,2,1000000000,499999999500000000,1.288091
Multithreading,2,1000000000,499999999500000000,1.288010
Multithreading,2,1000000000,499999999500000000,1.292063
Multiprocessing_fork,2,1000000000,499999999500000000,1.283385
Multiprocessing_fork,2,1000000000,499999999500000000,1.303815
Multiprocessing_fork,2,1000000000,499999999500000000,1.286377
Multiprocessing_fork,2,1000000000,499999999500000000,1.278078
Multiprocessing_fork,2,1000000000,499999999500000000,1.317178
Multiprocessing_fork,2,1000000000,499999999500000000,1.313845
Multiprocessing_fork,2,1000000000,499999999500000000,1.276254
Multiprocessing_fork,2,1000000000,499999999500000000,1.303258
Multiprocessing_fork,2,1000000000,499999999500000000,1.275810
Multiprocessing_fork,2,1000000000,499999999500000000,1.287284
Multiprocessing_fork,2,1000000000,499999999500000000,1.281883
Multiprocessing_fork,2,1000000000,499999999500000000,1.316991
Multiprocessing_fork,2,1000000000,499999999500000000,1.293624
Multiprocessing_fork,2,1000000000,499999999500000000,1.288113
Multiprocessing_fork,2,1000000000,499999999500000000,1.316606
Multiprocessing_fork,2,1000000000,499999999500000000,1.322813
Multiprocessing_fork,2,1000000000,499999999500000000,1.297066
Multiprocessing_fork,2,1000000000,499999999500000000,1.323207
Multiprocessing_fork,2,1000000000,499999999500000000,1.324172
Multiprocessing_fork,2,1000000000,499999999500000000,1.311035
Multiprocessing_fork,2,1000000000,499999999500000000,1.314286
Multiprocessing_fork,2,1000000000,499999999500000000,1.319454
Multiprocessing_fork,2,1000000000,499999999500000000,1.283789
Multiprocessing_fork,2,1000000000,499999999500000000,1.278676
Multiprocessing_fork,2,1000000000,499999999500000000,1.307017
Multiprocessing_fork,2,1000000000,499999999500000000,1.281185
Multiprocessing_fork,2,1000000000,499999999500000000,1.305895
Multiprocessing_fork,2,1000000000,499999999500000000,1.286874
Multiprocessing_fork,2,1000000000,499999999500000000,1.278163
Multiprocessing_fork,2,1000000000,499999999500000000,1.272639
Multiprocessing_fork,2,1000000000,499999999500000000,1.288262
Multiprocessing_fork,2,1000000000,499999999500000000,1.316709
Multiprocessing_fork,2,1000000000,499999999500000000,1.323946
Multiprocessing_fork,2,1000000000,499999999500000000,1.275621
Multiprocessing_fork,2,1000000000,499999999500000000,1.287182
Multiprocessing_fork,2,1000000000,499999999500000000,1.337651
Multiprocessing_fork,2,1000000000,499999999500000000,1.302261
Multiprocessing_fork,2,1000000000,499999999500000000,1.319726
Multiprocessing_fork,2,1000000000,499999999500000000,1.285527
Multiprocessing_fork,2,1000000000,499999999500000000,1.330807
Multiprocessing_fork,2,1000000000,499999999500000000,1.329166
Multiprocessing_fork,2,1000000000,499999999500000000,1.313021
Multiprocessing_fork,2,1000000000,499999999500000000,1.315350
Multiprocessing_fork,2,1000000000,499999999500000000,1.301667
Multiprocessing_fork,2,1000000000,499999999500000000,1.304532
Multiprocessing_fork,2,1000000000,499999999500000000,1.288127
Multiprocessing_fork,2,1000000000,499999999500000000,1.319029
Multiprocessing_fork,2,1000000000,499999999500000000,1.317123
Multiprocessing_fork,2,1000000000,499999999500000000,1.308189
Multiprocessing_fork,2,1000000000,499999999500000000,1.323072
Multiprocessing_fork,2,1000000000,499999999500000000,1.301090
Multiprocessing_fork,2,1000000000,499999999500000000,1.319553
Multiprocessing_fork,2,1000000000,499999999500000000,1.306670
Multiprocessing_fork,2,1000000000,499999999500000000,1.314710
Multiprocessing_fork,2,1000000000,499999999500000000,1.298953
Multiprocessing_fork,2,1000000000,499999999500000000,1.300446
Multiprocessing_fork,2,1000000000,499999999500000000,1.304784
Multiprocessing_fork,2,1000000000,499999999500000000,1.321471
Multiprocessing_fork,2,1000000000,499999999500000000,1.311136
Multiprocessing_fork,2,1000000000,499999999500000000,1.319400
Multiprocessing_fork,2,1000000000,499999999500000000,1.322304
Multiprocessing_fork,2,1000000000,499999999500000000,1.314538
Multiprocessing_fork,2,1000000000,499999999500000000,1.270460
Multiprocessing_fork,2,1000000000,499999999500000000,1.267458
Multiprocessing_fork,2,1000000000,499999999500000000,1.307032
Multiprocessing_fork,2,1000000000,499999999500000000,1.318920
Multiprocessing_fork,2,1000000000,499999999500000000,1.316294
Multiprocessing_fork,2,1000000000,499999999500000000,1.308692
Multiprocessing_fork,2,1000000000,499999999500000000,1.331522
Multiprocessing_fork,2,1000000000,499999999500000000,1.308598
Multiprocessing_fork,2,1000000000,499999999500000000,1.313307
Multiprocessing_fork,2,1000000000,499999999500000000,1.313630
Multiprocessing_fork,2,1000000000,499999999500000000,1.325350
Multiprocessing_fork,2,1000000000,499999999500000000,1.311705
Multiprocessing_fork,2,1000000000,499999999500000000,1.327043
Multiprocessing_fork,2,1000000000,499999999500000000,1.305400
Multiprocessing_fork,2,1000000000,499999999500000000,1.327894
Multiprocessing_fork,2,1000000000,499999999500000000,1.308164
Multiprocessing_fork,2,1000000000,499999999500000000,1.306679
Multiprocessing_fork,2,1000000000,499999999500000000,1.306807
Multiprocessing_fork,2,1000000000,499999999500000000,1.327764
Multiprocessing_fork,2,1000000000,499999999500000000,1.296932
Multiprocessing_fork,2,1000000000,499999999500000000,1.319367
Multiprocessing_fork,2,1000000000,499999999500000000,1.321674
Multiprocessing_fork,2,1000000000,499999999500000000,1.318852
Multiprocessing_fork,2,1000000000,499999999500000000,1.295825
Multiprocessing_fork,2,1000000000,499999999500000000,1.268171
Multiprocessing_fork,2,1000000000,499999999500000000,1.273652
Multiprocessing_fork,2,1000000000,499999999500000000,1.263158
Multiprocessing_fork,2,1000000000,499999999500000000,1.317328
Multiprocessing_fork,2,1000000000,499999999500000000,1.312637
Multiprocessing_fork,2,1000000000,499999999500000000,1.318187
Multiprocessing_fork,2,1000000000,499999999500000000,1.306991
Multiprocessing_fork,2,1000000000,499999999500000000,1.325341
Multiprocessing_fork,2,1000000000,499999999500000000,1.328023
Multiprocessing_fork,2,1000000000,499999999500000000,1.308781
Multiprocessing_fork,2,1000000000,499999999500000000,1.328915
Multiprocessing_fork,2,1000000000,499999999500000000,1.310655
Multiprocessing_fork,2,1000000000,499999999500000000,1.319200
Multiprocessing_fork,2,1000000000,499999999500000000,1.318030
Multiprocessing_popen,2,1000000000,499999999500000000,1.542594
Multiprocessing_popen,2,1000000000,499999999500000000,1.483805
Multiprocessing_popen,2,1000000000,499999999500000000,1.493886
Multiprocessing_popen,2,1000000000,499999999500000000,1.536540
Multiprocessing_popen,2,1000000000,499999999500000000,1.477889
Multiprocessing_popen,2,1000000000,499999999500000000,1.524373
Multiprocessing_popen,2,1000000000,499999999500000000,1.522245
Multiprocessing_popen,2,1000000000,499999999500000000,1.475316
Multiprocessing_popen,2,1000000000,499999999500000000,1.470870
Multiprocessing_popen,2,1000000000,499999999500000000,1.468097
Multiprocessing_popen,2,1000000000,499999999500000000,1.538202
Multiprocessing_popen,2,1000000000,499999999500000000,1.481881
Multiprocessing_popen,2,1000000000,499999999500000000,1.483531
Multiprocessing_popen,2,1000000000,499999999500000000,1.476201
Multiprocessing_popen,2,1000000000,499999999500000000,1.513504
Multiprocessing_popen,2,1000000000,499999999500000000,1.538982
Multiprocessing_popen,2,1000000000,499999999500000000,1.535185
Multiprocessing_popen,2,1000000000,499999999500000000,1.449176
Multiprocessing_popen,2,1000000000,499999999500000000,1.425423
Multiprocessing_popen,2,1000000000,499999999500000000,1.429068
Multiprocessing_popen,2,1000000000,499999999500000000,1.435422
Multiprocessing_popen,2,1000000000,499999999500000000,1.431853
Multiprocessing_popen,2,1000000000,499999999500000000,1.441239
Multiprocessing_popen,2,1000000000,499999999500000000,1.436201
Multiprocessing_popen,2,1000000000,499999999500000000,1.442271
Multiprocessing_popen,2,1000000000,499999999500000000,1.455265
Multiprocessing_popen,2,1000000000,499999999500000000,1.459340
Multiprocessing_popen,2,1000000000,499999999500000000,1.438768
Multiprocessing_popen,2,1000000000,499999999500000000,1.468339
Multiprocessing_popen,2,1000000000,499999999500000000,1.457461
Multiprocessing_popen,2,1000000000,499999999500000000,1.454630
Multiprocessing_popen,2,1000000000,499999999500000000,1.450892
Multiprocessing_popen,2,1000000000,499999999500000000,1.454037
Multiprocessing_popen,2,1000000000,499999999500000000,1.455321
Multiprocessing_popen,2,1000000000,499999999500000000,1.455823
Multiprocessing_popen,2,1000000000,499999999500000000,1.445919
Multiprocessing_popen,2,1000000000,499999999500000000,1.451181
Multiprocessing_popen,2,1000000000,499999999500000000,1.458395
Multiprocessing_popen,2,1000000000,499999999500000000,1.461552
Multiprocessing_popen,2,1000000000,499999999500000000,1.463065
Multiprocessing_popen,2,1000000000,499999999500000000,1.478661
Multiprocessing_popen,2,1000000000,499999999500000000,1.470978
Multiprocessing_popen,2,1000000000,499999999500000000,1.462225
Multiprocessing_popen,2,1000000000,499999999500000000,1.473618
Multiprocessing_popen,2,1000000000,499999999500000000,1.474551
Multiprocessing_popen,2,1000000000,499999999500000000,1.470772
Multiprocessing_popen,2,1000000000,499999999500000000,1.483374
Multiprocessing_popen,2,1000000000,499999999500000000,1.469088
Multiprocessing_popen,2,1000000000,499999999500000000,1.469481
Multiprocessing_popen,2,1000000000,499999999500000000,1.463481
Multiprocessing_popen,2,1000000000,499999999500000000,1.460713
Multiprocessing_popen,2,1000000000,499999999500000000,1.479398
Multiprocessing_popen,2,1000000000,499999999500000000,1.459832
Multiprocessing_popen,2,1000000000,499999999500000000,1.461820
Multiprocessing_popen,2,1000000000,499999999500000000,1.457356
Multiprocessing_popen,2,1000000000,499999999500000000,1.448616
Multiprocessing_popen,2,1000000000,499999999500000000,1.476946
Multiprocessing_popen,2,1000000000,499999999500000000,1.461704
Multiprocessing_popen,2,1000000000,499999999500000000,1.470489
Multiprocessing_popen,2,1000000000,499999999500000000,1.463385
Multiprocessing_popen,2,1000000000,499999999500000000,1.461045
Multiprocessing_popen,2,1000000000,499999999500000000,1.457307
Multiprocessing_popen,2,1000000000,499999999500000000,1.468472
Multiprocessing_popen,2,1000000000,499999999500000000,1.475199
Multiprocessing_popen,2,1000000000,499999999500000000,1.467936
Multiprocessing_popen,2,1000000000,499999999500000000,1.477677
Multiprocessing_popen,2,1000000000,499999999500000000,1.476752
Multiprocessing_popen,2,1000000000,499999999500000000,1.470175
Multiprocessing_popen,2,1000000000,499999999500000000,1.463892
Multiprocessing_popen,2,1000000000,499999999500000000,1.470832
Multiprocessing_popen,2,1000000000,499999999500000000,1.462157
Multiprocessing_popen,2,1000000000,499999999500000000,1.466285
Multiprocessing_popen,2,1000000000,499999999500000000,1.473059
Multiprocessing_popen,2,1000000000,499999999500000000,1.470516
Multiprocessing_popen,2,1000000000,499999999500000000,1.464012
Multiprocessing_popen,2,1000000000,499999999500000000,1.476323
Multiprocessing_popen,2,1000000000,499999999500000000,1.477552
Multiprocessing_popen,2,1000000000,499999999500000000,1.471072
Multiprocessing_popen,2,1000000000,499999999500000000,1.455586
Multiprocessing_popen,2,1000000000,499999999500000000,1.472957
Multiprocessing_popen,2,1000000000,499999999500000000,1.461219
Multiprocessing_popen,2,1000000000,499999999500000000,1.476706
Multiprocessing_popen,2,1000000000,499999999500000000,1.454849
Multiprocessing_popen,2,1000000000,499999999500000000,1.471101
Multiprocessing_popen,2,1000000000,499999999500000000,1.471913
Multiprocessing_popen,2,1000000000,499999999500000000,1.476636
Multiprocessing_popen,2,1000000000,499999999500000000,1.479824
Multiprocessing_popen,2,1000000000,499999999500000000,1.472535
Multiprocessing_popen,2,1000000000,499999999500000000,1.464324
Multiprocessing_popen,2,1000000000,499999999500000000,1.467738
Multiprocessing_popen,2,1000000000,499999999500000000,1.464411
Multiprocessing_popen,2,1000000000,499999999500000000,1.459325
Multiprocessing_popen,2,1000000000,499999999500000000,1.471640
Multiprocessing_popen,2,1000000000,499999999500000000,1.463453
Multiprocessing_popen,2,1000000000,499999999500000000,1.463156
Multiprocessing_popen,2,1000000000,499999999500000000,1.470911
Multiprocessing_popen,2,1000000000,499999999500000000,1.469498
Multiprocessing_popen,2,1000000000,499999999500000000,1.473340
Multiprocessing_popen,2,1000000000,499999999500000000,1.468337
Multiprocessing_popen,2,1000000000,499999999500000000,1.471061
Baseline,1,1000000000,499999999500000000,2.716599
Baseline,1,1000000000,499999999500000000,2.807373
Baseline,1,1000000000,499999999500000000,2.768610
Baseline,1,1000000000,499999999500000000,2.656995
Baseline,1,1000000000,499999999500000000,2.634162
Baseline,1,1000000000,499999999500000000,2.640680
Baseline,1,1000000000,499999999500000000,2.625221
Baseline,1,1000000000,499999999500000000,2.626684
Baseline,1,1000000000,499999999500000000,2.639723
Baseline,1,1000000000,499999999500000000,2.642347
Baseline,1,1000000000,499999999500000000,2.748924
Baseline,1,1000000000,499999999500000000,2.667078
Baseline,1,1000000000,499999999500000000,2.722466
Baseline,1,1000000000,499999999500000000,2.707043
Baseline,1,1000000000,499999999500000000,2.695458
Baseline,1,1000000000,499999999500000000,2.696793
Baseline,1,1000000000,499999999500000000,2.701083
Baseline,1,1000000000,499999999500000000,2.696746
Baseline,1,1000000000,499999999500000000,2.684748
Baseline,1,1000000000,499999999500000000,2.698634
Baseline,1,1000000000,499999999500000000,2.701344
Baseline,1,1000000000,499999999500000000,2.628722
Baseline,1,1000000000,499999999500000000,2.627942
Baseline,1,1000000000,499999999500000000,2.648482
Baseline,1,1000000000,499999999500000000,2.642070
Baseline,1,1000000000,499999999500000000,2.653153
Baseline,1,1000000000,499999999500000000,2.648988
Baseline,1,1000000000,499999999500000000,2.641820
Baseline,1,1000000000,499999999500000000,2.662682
Baseline,1,1000000000,499999999500000000,2.639900
Baseline,1,1000000000,499999999500000000,2.658169
Baseline,1,1000000000,499999999500000000,2.658035
Baseline,1,1000000000,499999999500000000,2.653227
Baseline,1,1000000000,499999999500000000,2.657089
Baseline,1,1000000000,499999999500000000,2.665621
Baseline,1,1000000000,499999999500000000,2.646216
Baseline,1,1000000000,499999999500000000,2.655470
Baseline,1,1000000000,499999999500000000,2.649405
Baseline,1,1000000000,499999999500000000,2.654419
Baseline,1,1000000000,499999999500000000,2.654080
Baseline,1,1000000000,499999999500000000,2.655074
Baseline,1,1000000000,499999999500000000,2.651936
Baseline,1,1000000000,499999999500000000,2.654100
Baseline,1,1000000000,499999999500000000,2.651161
Baseline,1,1000000000,499999999500000000,2.651979
Baseline,1,1000000000,499999999500000000,2.652660
Baseline,1,1000000000,499999999500000000,2.648255
Baseline,1,1000000000,499999999500000000,2.646610
Baseline,1,1000000000,499999999500000000,2.654139
Baseline,1,1000000000,499999999500000000,2.654379
Baseline,1,1000000000,499999999500000000,2.654037
Baseline,1,1000000000,499999999500000000,2.658145
Baseline,1,1000000000,499999999500000000,2.645194
Baseline,1,1000000000,499999999500000000,2.656100
Baseline,1,1000000000,499999999500000000,2.639504
Baseline,1,1000000000,499999999500000000,2.646170
Baseline,1,1000000000,499999999500000000,2.656203
Baseline,1,1000000000,499999999500000000,2.651534
Baseline,1,1000000000,499999999500000000,2.650740
Baseline,1,1000000000,499999999500000000,2.642249
Baseline,1,1000000000,499999999500000000,2.663380
Baseline,1,1000000000,499999999500000000,2.649879
Baseline,1,1000000000,499999999500000000,2.650726
Baseline,1,1000000000,499999999500000000,2.661603
Baseline,1,1000000000,499999999500000000,2.654814
Baseline,1,1000000000,499999999500000000,2.652805
Baseline,1,1000000000,499999999500000000,2.649132
Baseline,1,1000000000,499999999500000000,2.647454
Baseline,1,1000000000,499999999500000000,2.648836
Baseline,1,1000000000,499999999500000000,2.653292
Baseline,1,1000000000,499999999500000000,2.656217
Baseline,1,1000000000,499999999500000000,2.660818
Baseline,1,1000000000,499999999500000000,2.653126
Baseline,1,1000000000,499999999500000000,2.647847
Baseline,1,1000000000,499999999500000000,2.660180
Baseline,1,1000000000,499999999500000000,2.649812
Baseline,1,1000000000,499999999500000000,2.652536
Baseline,1,1000000000,499999999500000000,2.649455
Baseline,1,1000000000,499999999500000000,2.596462
Baseline,1,1000000000,499999999500000000,2.660085
Baseline,1,1000000000,499999999500000000,2.723084
Baseline,1,1000000000,499999999500000000,2.711045
Baseline,1,1000000000,499999999500000000,2.692230
Baseline,1,1000000000,499999999500000000,2.702792
Baseline,1,1000000000,499999999500000000,2.639325
Baseline,1,1000000000,499999999500000000,2.592749
Baseline,1,1000000000,499999999500000000,2.584137
Baseline,1,1000000000,499999999500000000,2.615325
Baseline,1,1000000000,499999999500000000,2.722292
Baseline,1,1000000000,499999999500000000,2.719419
Baseline,1,1000000000,499999999500000000,2.711817
Baseline,1,1000000000,499999999500000000,2.701087
Baseline,1,1000000000,499999999500000000,2.593752
Baseline,1,1000000000,499999999500000000,2.697291
Baseline,1,1000000000,499999999500000000,2.702058
Baseline,1,1000000000,499999999500000000,2.682754
Baseline,1,1000000000,499999999500000000,2.690434
Baseline,1,1000000000,499999999500000000,2.627481
Baseline,1,1000000000,499999999500000000,2.686483
Baseline,1,1000000000,499999999500000000,2.647981
Multithreading,4,1000000000,499999999500000000,0.879913
Multithreading,4,1000000000,499999999500000000,0.904165
Multithreading,4,1000000000,499999999500000000,0.908395
Multithreading,4,1000000000,499999999500000000,0.909160
Multithreading,4,1000000000,499999999500000000,0.921480
Multithreading,4,1000000000,499999999500000000,0.885901
Multithreading,4,1000000000,499999999500000000,0.915433
Multithreading,4,1000000000,499999999500000000,0.920563
Multithreading,4,1000000000,499999999500000000,0.921432
Multithreading,4,1000000000,499999999500000000,0.931338
Multithreading,4,1000000000,499999999500000000,0.920496
Multithreading,4,1000000000,499999999500000000,0.930509
Multithreading,4,1000000000,499999999500000000,0.901007
Multithreading,4,1000000000,499999999500000000,0.937028
Multithreading,4,1000000000,499999999500000000,0.900874
Multithreading,4,1000000000,499999999500000000,0.944408
Multithreading,4,1000000000,499999999500000000,0.917418
Multithreading,4,1000000000,499999999500000000,0.944477
Multithreading,4,1000000000,499999999500000000,0.942947
Multithreading,4,1000000000,499999999500000000,0.946070
Multithreading,4,1000000000,499999999500000000,0.940834
Multithreading,4,1000000000,499999999500000000,0.951521
Multithreading,4,1000000000,499999999500000000,0.931679
Multithreading,4,1000000000,499999999500000000,0.933090
Multithreading,4,1000000000,499999999500000000,0.902865
Multithreading,4,1000000000,499999999500000000,0.911573
Multithreading,4,1000000000,499999999500000000,0.948303
Multithreading,4,1000000000,499999999500000000,0.912655
Multithreading,4,1000000000,499999999500000000,0.900426
Multithreading,4,1000000000,499999999500000000,0.928070
Multithreading,4,1000000000,499999999500000000,0.939495
Multithreading,4,1000000000,499999999500000000,0.935391
Multithreading,4,1000000000,499999999500000000,0.953399
Multithreading,4,1000000000,499999999500000000,0.936085
Multithreading,4,1000000000,499999999500000000,0.943319
Multithreading,4,1000000000,499999999500000000,0.933221
Multithreading,4,1000000000,499999999500000000,0.938407
Multithreading,4,1000000000,499999999500000000,0.947240
Multithreading,4,1000000000,499999999500000000,0.951682
Multithreading,4,1000000000,499999999500000000,0.940924
Multithreading,4,1000000000,499999999500000000,0.946053
Multithreading,4,1000000000,499999999500000000,0.954168
Multithreading,4,1000000000,499999999500000000,0.943523
Multithreading,4,1000000000,499999999500000000,0.942640
Multithreading,4,1000000000,499999999500000000,0.948092
Multithreading,4,1000000000,499999999500000000,0.954286
Multithreading,4,1000000000,499999999500000000,0.960538
Multithreading,4,1000000000,499999999500000000,0.941919
Multithreading,4,1000000000,499999999500000000,0.954799
Multithreading,4,1000000000,499999999500000000,0.919347
Multithreading,4,1000000000,499999999500000000,0.948136
Multithreading,4,1000000000,499999999500000000,0.943214
Multithreading,4,1000000000,499999999500000000,0.952307
Multithreading,4,1000000000,499999999500000000,0.952909
Multithreading,4,1000000000,499999999500000000,0.943136
Multithreading,4,1000000000,499999999500000000,0.939589
Multithreading,4,1000000000,499999999500000000,0.944283
Multithreading,4,1000000000,499999999500000000,0.942885
Multithreading,4,1000000000,499999999500000000,0.951907
Multithreading,4,1000000000,499999999500000000,0.934242
Multithreading,4,1000000000,499999999500000000,0.934464
Multithreading,4,1000000000,499999999500000000,0.935222
Multithreading,4,1000000000,499999999500000000,0.959338
Multithreading,4,1000000000,499999999500000000,0.962717
Multithreading,4,1000000000,499999999500000000,0.956576
Multithreading,4,1000000000,499999999500000000,0.955249
Multithreading,4,1000000000,499999999500000000,0.940000
Multithreading,4,1000000000,499999999500000000,0.942856
Multithreading,4,1000000000,499999999500000000,0.952793
Multithreading,4,1000000000,499999999500000000,0.942784
Multithreading,4,1000000000,499999999500000000,0.959887
Multithreading,4,1000000000,499999999500000000,0.923762
Multithreading,4,1000000000,499999999500000000,0.949009
Multithreading,4,1000000000,499999999500000000,0.880409
Multithreading,4,1000000000,499999999500000000,0.920265
Multithreading,4,1000000000,499999999500000000,0.883539
Multithreading,4,1000000000,499999999500000000,0.945765
Multithreading,4,1000000000,499999999500000000,0.949639
Multithreading,4,1000000000,499999999500000000,0.962684
Multithreading,4,1000000000,499999999500000000,0.969008
Multithreading,4,1000000000,499999999500000000,0.949687
Multithreading,4,1000000000,499999999500000000,0.954852
Multithreading,4,1000000000,499999999500000000,0.947896
Multithreading,4,1000000000,499999999500000000,0.951642
Multithreading,4,1000000000,499999999500000000,0.943254
Multithreading,4,1000000000,499999999500000000,0.953316
Multithreading,4,1000000000,499999999500000000,0.957653
Multithreading,4,1000000000,499999999500000000,0.947362
Multithreading,4,1000000000,499999999500000000,0.951520
Multithreading,4,1000000000,499999999500000000,0.981543
Multithreading,4,1000000000,499999999500000000,0.954656
Multithreading,4,1000000000,499999999500000000,0.951112
Multithreading,4,1000000000,499999999500000000,0.952153
Multithreading,4,1000000000,499999999500000000,0.951835
Multithreading,4,1000000000,499999999500000000,0.919934
Multithreading,4,1000000000,499999999500000000,0.939763
Multithreading,4,1000000000,499999999500000000,0.924759
Multithreading,4,1000000000,499999999500000000,0.884339
Multithreading,4,1000000000,499999999500000000,0.942688
Multithreading,4,1000000000,499999999500000000,0.927768
Multiprocessing_fork,4,1000000000,499999999500000000,0.907567
Multiprocessing_fork,4,1000000000,499999999500000000,0.874249
Multiprocessing_fork,4,1000000000,499999999500000000,0.971372
Multiprocessing_fork,4,1000000000,499999999500000000,0.944545
Multiprocessing_fork,4,1000000000,499999999500000000,0.878072
Multiprocessing_fork,4,1000000000,499999999500000000,0.977213
Multiprocessing_fork,4,1000000000,499999999500000000,0.955536
Multiprocessing_fork,4,1000000000,499999999500000000,0.924205
Multiprocessing_fork,4,1000000000,499999999500000000,0.930119
Multiprocessing_fork,4,1000000000,499999999500000000,1.025595
Multiprocessing_fork,4,1000000000,499999999500000000,0.830170
Multiprocessing_fork,4,1000000000,499999999500000000,0.948678
Multiprocessing_fork,4,1000000000,499999999500000000,0.991152
Multiprocessing_fork,4,1000000000,499999999500000000,0.840794
Multiprocessing_fork,4,1000000000,499999999500000000,0.985144
Multiprocessing_fork,4,1000000000,499999999500000000,0.919485
Multiprocessing_fork,4,1000000000,499999999500000000,0.929308
Multiprocessing_fork,4,1000000000,499999999500000000,0.958867
Multiprocessing_fork,4,1000000000,499999999500000000,0.920068
Multiprocessing_fork,4,1000000000,499999999500000000,0.924149
Multiprocessing_fork,4,1000000000,499999999500000000,0.933763
Multiprocessing_fork,4,1000000000,499999999500000000,0.935756
Multiprocessing_fork,4,1000000000,499999999500000000,0.965986
Multiprocessing_fork,4,1000000000,499999999500000000,0.849500
Multiprocessing_fork,4,1000000000,499999999500000000,1.019799
Multiprocessing_fork,4,1000000000,499999999500000000,0.996669
Multiprocessing_fork,4,1000000000,499999999500000000,0.828328
Multiprocessing_fork,4,1000000000,499999999500000000,0.912182
Multiprocessing_fork,4,1000000000,499999999500000000,1.028785
Multiprocessing_fork,4,1000000000,499999999500000000,0.998133
Multiprocessing_fork,4,1000000000,499999999500000000,0.918928
Multiprocessing_fork,4,1000000000,499999999500000000,0.985517
Multiprocessing_fork,4,1000000000,499999999500000000,0.957192
Multiprocessing_fork,4,1000000000,499999999500000000,0.994576
Multiprocessing_fork,4,1000000000,499999999500000000,0.998212
Multiprocessing_fork,4,1000000000,499999999500000000,0.952232
Multiprocessing_fork,4,1000000000,499999999500000000,1.022652
Multiprocessing_fork,4,1000000000,499999999500000000,1.014516
Multiprocessing_fork,4,1000000000,499999999500000000,0.930346
Multiprocessing_fork,4,1000000000,499999999500000000,1.021695
Multiprocessing_fork,4,1000000000,499999999500000000,0.945659
Multiprocessing_fork,4,1000000000,499999999500000000,0.969449
Multiprocessing_fork,4,1000000000,499999999500000000,1.030154
Multiprocessing_fork,4,1000000000,499999999500000000,0.955488
Multiprocessing_fork,4,1000000000,499999999500000000,0.991602
Multiprocessing_fork,4,1000000000,499999999500000000,0.828961
Multiprocessing_fork,4,1000000000,499999999500000000,0.980509
Multiprocessing_fork,4,1000000000,499999999500000000,1.027101
Multiprocessing_fork,4,1000000000,499999999500000000,0.950818
Multiprocessing_fork,4,1000000000,499999999500000000,0.969260
Multiprocessing_fork,4,1000000000,499999999500000000,0.842047
Multiprocessing_fork,4,1000000000,499999999500000000,1.027931
Multiprocessing_fork,4,1000000000,499999999500000000,0.943343
Multiprocessing_fork,4,1000000000,499999999500000000,0.970897
Multiprocessing_fork,4,1000000000,499999999500000000,0.930827
Multiprocessing_fork,4,1000000000,499999999500000000,0.967750
Multiprocessing_fork,4,1000000000,499999999500000000,0.945188
Multiprocessing_fork,4,1000000000,499999999500000000,0.893933
Multiprocessing_fork,4,1000000000,499999999500000000,0.952361
Multiprocessing_fork,4,1000000000,499999999500000000,0.903472
Multiprocessing_fork,4,1000000000,499999999500000000,0.986131
Multiprocessing_fork,4,1000000000,499999999500000000,0.824341
Multiprocessing_fork,4,1000000000,499999999500000000,0.923179
Multiprocessing_fork,4,1000000000,499999999500000000,0.878771
Multiprocessing_fork,4,1000000000,499999999500000000,0.981651
Multiprocessing_fork,4,1000000000,499999999500000000,0.973796
Multiprocessing_fork,4,1000000000,499999999500000000,0.822239
Multiprocessing_fork,4,1000000000,499999999500000000,0.919854
Multiprocessing_fork,4,1000000000,499999999500000000,1.014389
Multiprocessing_fork,4,1000000000,499999999500000000,0.838548
Multiprocessing_fork,4,1000000000,499999999500000000,0.954925
Multiprocessing_fork,4,1000000000,499999999500000000,0.994307
Multiprocessing_fork,4,1000000000,499999999500000000,0.857122
Multiprocessing_fork,4,1000000000,499999999500000000,0.934192
Multiprocessing_fork,4,1000000000,499999999500000000,0.993499
Multiprocessing_fork,4,1000000000,499999999500000000,0.915241
Multiprocessing_fork,4,1000000000,499999999500000000,0.884151
Multiprocessing_fork,4,1000000000,499999999500000000,0.959811
Multiprocessing_fork,4,1000000000,499999999500000000,0.988058
Multiprocessing_fork,4,1000000000,499999999500000000,1.027392
Multiprocessing_fork,4,1000000000,499999999500000000,0.834465
Multiprocessing_fork,4,1000000000,499999999500000000,0.983408
Multiprocessing_fork,4,1000000000,499999999500000000,0.948310
Multiprocessing_fork,4,1000000000,499999999500000000,0.974407
Multiprocessing_fork,4,1000000000,499999999500000000,0.968334
Multiprocessing_fork,4,1000000000,499999999500000000,0.936419
Multiprocessing_fork,4,1000000000,499999999500000000,0.931516
Multiprocessing_fork,4,1000000000,499999999500000000,0.936176
Multiprocessing_fork,4,1000000000,499999999500000000,0.969315
Multiprocessing_fork,4,1000000000,499999999500000000,0.960210
Multiprocessing_fork,4,1000000000,499999999500000000,0.992083
Multiprocessing_fork,4,1000000000,499999999500000000,0.991985
Multiprocessing_fork,4,1000000000,499999999500000000,1.021104
Multiprocessing_fork,4,1000000000,499999999500000000,0.836928
Multiprocessing_fork,4,1000000000,499999999500000000,0.931535
Multiprocessing_fork,4,1000000000,499999999500000000,0.987554
Multiprocessing_fork,4,1000000000,499999999500000000,0.955723
Multiprocessing_fork,4,1000000000,499999999500000000,0.973353
Multiprocessing_fork,4,1000000000,499999999500000000,0.845702
Multiprocessing_fork,4,1000000000,499999999500000000,0.954026
Multiprocessing_popen,4,1000000000,499999999500000000,0.821298
Multiprocessing_popen,4,1000000000,499999999500000000,0.821491
Multiprocessing_popen,4,1000000000,499999999500000000,0.878221
Multiprocessing_popen,4,1000000000,499999999500000000,0.819009
Multiprocessing_popen,4,1000000000,499999999500000000,0.835496
Multiprocessing_popen,4,1000000000,499999999500000000,0.876949
Multiprocessing_popen,4,1000000000,499999999500000000,0.877661
Multiprocessing_popen,4,1000000000,499999999500000000,0.878220
Multiprocessing_popen,4,1000000000,499999999500000000,0.846526
Multiprocessing_popen,4,1000000000,499999999500000000,0.823972
Multiprocessing_popen,4,1000000000,499999999500000000,0.822784
Multiprocessing_popen,4,1000000000,499999999500000000,0.823197
Multiprocessing_popen,4,1000000000,499999999500000000,0.823763
Multiprocessing_popen,4,1000000000,499999999500000000,0.824247
Multiprocessing_popen,4,1000000000,499999999500000000,0.828000
Multiprocessing_popen,4,1000000000,499999999500000000,0.893878
Multiprocessing_popen,4,1000000000,499999999500000000,0.829121
Multiprocessing_popen,4,1000000000,499999999500000000,0.827289
Multiprocessing_popen,4,1000000000,499999999500000000,0.833252
Multiprocessing_popen,4,1000000000,499999999500000000,0.834711
Multiprocessing_popen,4,1000000000,499999999500000000,0.836065
Multiprocessing_popen,4,1000000000,499999999500000000,0.839953
Multiprocessing_popen,4,1000000000,499999999500000000,0.846800
Multiprocessing_popen,4,1000000000,499999999500000000,0.842135
Multiprocessing_popen,4,1000000000,499999999500000000,0.840134
Multiprocessing_popen,4,1000000000,499999999500000000,0.837166
Multiprocessing_popen,4,1000000000,499999999500000000,0.921965
Multiprocessing_popen,4,1000000000,499999999500000000,0.838526
Multiprocessing_popen,4,1000000000,499999999500000000,0.844492
Multiprocessing_popen,4,1000000000,499999999500000000,0.836512
Multiprocessing_popen,4,1000000000,499999999500000000,0.844807
Multiprocessing_popen,4,1000000000,499999999500000000,0.843095
Multiprocessing_popen,4,1000000000,499999999500000000,0.842015
Multiprocessing_popen,4,1000000000,499999999500000000,0.845110
Multiprocessing_popen,4,1000000000,499999999500000000,0.916688
Multiprocessing_popen,4,1000000000,499999999500000000,0.833749
Multiprocessing_popen,4,1000000000,499999999500000000,0.916201
Multiprocessing_popen,4,1000000000,499999999500000000,0.911308
Multiprocessing_popen,4,1000000000,499999999500000000,0.874813
Multiprocessing_popen,4,1000000000,499999999500000000,0.838606
Multiprocessing_popen,4,1000000000,499999999500000000,0.968219
Multiprocessing_popen,4,1000000000,499999999500000000,0.822618
Multiprocessing_popen,4,1000000000,499999999500000000,0.926626
Multiprocessing_popen,4,1000000000,499999999500000000,0.818048
Multiprocessing_popen,4,1000000000,499999999500000000,0.836927
Multiprocessing_popen,4,1000000000,499999999500000000,0.911035
Multiprocessing_popen,4,1000000000,499999999500000000,0.901058
Multiprocessing_popen,4,1000000000,499999999500000000,0.892709
Multiprocessing_popen,4,1000000000,499999999500000000,0.989654
Multiprocessing_popen,4,1000000000,499999999500000000,0.896569
Multiprocessing_popen,4,1000000000,499999999500000000,0.848937
Multiprocessing_popen,4,1000000000,499999999500000000,0.826888
Multiprocessing_popen,4,1000000000,499999999500000000,0.877063
Multiprocessing_popen,4,1000000000,499999999500000000,0.878603
Multiprocessing_popen,4,1000000000,499999999500000000,0.872310
Multiprocessing_popen,4,1000000000,499999999500000000,0.873206
Multiprocessing_popen,4,1000000000,499999999500000000,0.888440
Multiprocessing_popen,4,1000000000,499999999500000000,0.925455
Multiprocessing_popen,4,1000000000,499999999500000000,0.902997
Multiprocessing_popen,4,1000000000,499999999500000000,0.876603
Multiprocessing_popen,4,1000000000,499999999500000000,0.925097
Multiprocessing_popen,4,1000000000,499999999500000000,0.919883
Multiprocessing_popen,4,1000000000,499999999500000000,0.906435
Multiprocessing_popen,4,1000000000,499999999500000000,0.906601
Multiprocessing_popen,4,1000000000,499999999500000000,0.901795
Multiprocessing_popen,4,1000000000,499999999500000000,0.892959
Multiprocessing_popen,4,1000000000,499999999500000000,0.846151
Multiprocessing_popen,4,1000000000,499999999500000000,0.912819
Multiprocessing_popen,4,1000000000,499999999500000000,0.849257
Multiprocessing_popen,4,1000000000,499999999500000000,0.854095
Multiprocessing_popen,4,1000000000,499999999500000000,0.914709
Multiprocessing_popen,4,1000000000,499999999500000000,0.900578
Multiprocessing_popen,4,1000000000,499999999500000000,0.896288
Multiprocessing_popen,4,1000000000,499999999500000000,0.909412
Multiprocessing_popen,4,1000000000,499999999500000000,0.851307
Multiprocessing_popen,4,1000000000,499999999500000000,0.906547
Multiprocessing_popen,4,1000000000,499999999500000000,0.850882
Multiprocessing_popen,4,1000000000,499999999500000000,0.885246
Multiprocessing_popen,4,1000000000,499999999500000000,0.878142
Multiprocessing_popen,4,1000000000,499999999500000000,0.878429
Multiprocessing_popen,4,1000000000,499999999500000000,0.874668
Multiprocessing_popen,4,1000000000,499999999500000000,0.877036
Multiprocessing_popen,4,1000000000,499999999500000000,0.869552
Multiprocessing_popen,4,1000000000,499999999500000000,0.940917
Multiprocessing_popen,4,1000000000,499999999500000000,0.865947
Multiprocessing_popen,4,1000000000,499999999500000000,0.872384
Multiprocessing_popen,4,1000000000,499999999500000000,0.875576
Multiprocessing_popen,4,1000000000,499999999500000000,0.876538
Multiprocessing_popen,4,1000000000,499999999500000000,0.873311
Multiprocessing_popen,4,1000000000,499999999500000000,0.875775
Multiprocessing_popen,4,1000000000,499999999500000000,0.882372
Multiprocessing_popen,4,1000000000,499999999500000000,0.875333
Multiprocessing_popen,4,1000000000,499999999500000000,0.859016
Multiprocessing_popen,4,1000000000,499999999500000000,0.825183
Multiprocessing_popen,4,1000000000,499999999500000000,0.819787
Multiprocessing_popen,4,1000000000,499999999500000000,0.885963
Multiprocessing_popen,4,1000000000,499999999500000000,0.876627
Multiprocessing_popen,4,1000000000,499999999500000000,0.876357
Multiprocessing_popen,4,1000000000,499999999500000000,0.869570
Multiprocessing_popen,4,1000000000,499999999500000000,0.866994
Baseline,1,1000000000,499999999500000000,2.930223
Baseline,1,1000000000,499999999500000000,2.883992
Baseline,1,1000000000,499999999500000000,2.846004
Baseline,1,1000000000,499999999500000000,2.834323
Baseline,1,1000000000,499999999500000000,2.803448
Baseline,1,1000000000,499999999500000000,2.792082
Baseline,1,1000000000,499999999500000000,2.780444
Baseline,1,1000000000,499999999500000000,2.846526
Baseline,1,1000000000,499999999500000000,2.832808
Baseline,1,1000000000,499999999500000000,2.741311
Baseline,1,1000000000,499999999500000000,2.732591
Baseline,1,1000000000,499999999500000000,2.824751
Baseline,1,1000000000,499999999500000000,2.811047
Baseline,1,1000000000,499999999500000000,2.738193
Baseline,1,1000000000,499999999500000000,2.739373
Baseline,1,1000000000,499999999500000000,2.740540
Baseline,1,1000000000,499999999500000000,2.800937
Baseline,1,1000000000,499999999500000000,2.726306
Baseline,1,1000000000,499999999500000000,2.791199
Baseline,1,1000000000,499999999500000000,2.787367
Baseline,1,1000000000,499999999500000000,2.718577
Baseline,1,1000000000,499999999500000000,2.778877
Baseline,1,1000000000,499999999500000000,2.792580
Baseline,1,1000000000,499999999500000000,2.785619
Baseline,1,1000000000,499999999500000000,2.759222
Baseline,1,1000000000,499999999500000000,2.787867
Baseline,1,1000000000,499999999500000000,2.779707
Baseline,1,1000000000,499999999500000000,2.756169
Baseline,1,1000000000,499999999500000000,2.778089
Baseline,1,1000000000,499999999500000000,2.778683
Baseline,1,1000000000,499999999500000000,2.767318
Baseline,1,1000000000,499999999500000000,2.756914
Baseline,1,1000000000,499999999500000000,2.754752
Baseline,1,1000000000,499999999500000000,2.708257
Baseline,1,1000000000,499999999500000000,2.775379
Baseline,1,1000000000,499999999500000000,2.709651
Baseline,1,1000000000,499999999500000000,2.776062
Baseline,1,1000000000,499999999500000000,2.770993
Baseline,1,1000000000,499999999500000000,2.772675
Baseline,1,1000000000,499999999500000000,2.771652
Baseline,1,1000000000,499999999500000000,2.712527
Baseline,1,1000000000,499999999500000000,2.700950
Baseline,1,1000000000,499999999500000000,2.716623
Baseline,1,1000000000,499999999500000000,2.708347
Baseline,1,1000000000,499999999500000000,2.726546
Baseline,1,1000000000,499999999500000000,2.691515
Baseline,1,1000000000,499999999500000000,2.708688
Baseline,1,1000000000,499999999500000000,2.699117
Baseline,1,1000000000,499999999500000000,2.721190
Baseline,1,1000000000,499999999500000000,2.729290
Baseline,1,1000000000,499999999500000000,2.730227
Baseline,1,1000000000,499999999500000000,2.743802
Baseline,1,1000000000,499999999500000000,2.714706
Baseline,1,1000000000,499999999500000000,2.717555
Baseline,1,1000000000,499999999500000000,2.725216
Baseline,1,1000000000,499999999500000000,2.722388
Baseline,1,1000000000,499999999500000000,2.732103
Baseline,1,1000000000,499999999500000000,2.707614
Baseline,1,1000000000,499999999500000000,2.708615
Baseline,1,1000000000,499999999500000000,2.710520
Baseline,1,1000000000,499999999500000000,2.712582
Baseline,1,1000000000,499999999500000000,2.703493
Baseline,1,1000000000,499999999500000000,2.719162
Baseline,1,1000000000,499999999500000000,2.686791
Baseline,1,1000000000,499999999500000000,2.716077
Baseline,1,1000000000,499999999500000000,2.728925
Baseline,1,1000000000,499999999500000000,2.712742
Baseline,1,1000000000,499999999500000000,2.683948
Baseline,1,1000000000,499999999500000000,2.728879
Baseline,1,1000000000,499999999500000000,2.713751
Baseline,1,1000000000,499999999500000000,2.717465
Baseline,1,1000000000,499999999500000000,2.700693
Baseline,1,1000000000,499999999500000000,2.724454
Baseline,1,1000000000,499999999500000000,2.702244
Baseline,1,1000000000,499999999500000000,2.719361
Baseline,1,1000000000,499999999500000000,2.724469
Baseline,1,1000000000,499999999500000000,2.690122
Baseline,1,1000000000,499999999500000000,2.785810
Baseline,1,1000000000,499999999500000000,2.687756
Baseline,1,1000000000,499999999500000000,2.725940
Baseline,1,1000000000,499999999500000000,2.726506
Baseline,1,1000000000,499999999500000000,2.696831
Baseline,1,1000000000,499999999500000000,2.721099
Baseline,1,1000000000,499999999500000000,2.717648
Baseline,1,1000000000,499999999500000000,2.764157
Baseline,1,1000000000,499999999500000000,2.773947
Baseline,1,1000000000,499999999500000000,2.753166
Baseline,1,1000000000,499999999500000000,2.769249
Baseline,1,1000000000,499999999500000000,2.764341
Baseline,1,1000000000,499999999500000000,2.687612
Baseline,1,1000000000,499999999500000000,2.689889
Baseline,1,1000000000,499999999500000000,2.764095
Baseline,1,1000000000,499999999500000000,2.762927
Baseline,1,1000000000,499999999500000000,2.703476
Baseline,1,1000000000,499999999500000000,2.760190
Baseline,1,1000000000,499999999500000000,2.728605
Baseline,1,1000000000,499999999500000000,2.683943
Baseline,1,1000000000,499999999500000000,2.789623
Baseline,1,1000000000,499999999500000000,2.770198
Baseline,1,1000000000,499999999500000000,2.778754
Multithreading,8,1000000000,499999999500000000,0.666238
Multithreading,8,1000000000,499999999500000000,0.671395
Multithreading,8,1000000000,499999999500000000,0.677467
Multithreading,8,1000000000,499999999500000000,0.661397
Multithreading,8,1000000000,499999999500000000,0.654858
Multithreading,8,1000000000,499999999500000000,0.658418
Multithreading,8,1000000000,499999999500000000,0.671177
Multithreading,8,1000000000,499999999500000000,0.655702
Multithreading,8,1000000000,499999999500000000,0.704098
Multithreading,8,1000000000,499999999500000000,0.680224
Multithreading,8,1000000000,499999999500000000,0.714627
Multithreading,8,1000000000,499999999500000000,0.666475
Multithreading,8,1000000000,499999999500000000,0.679931
Multithreading,8,1000000000,499999999500000000,0.675530
Multithreading,8,1000000000,499999999500000000,0.671478
Multithreading,8,1000000000,499999999500000000,0.670671
Multithreading,8,1000000000,499999999500000000,0.660080
Multithreading,8,1000000000,499999999500000000,0.739189
Multithreading,8,1000000000,499999999500000000,0.691354
Multithreading,8,1000000000,499999999500000000,0.680680
Multithreading,8,1000000000,499999999500000000,0.706838
Multithreading,8,1000000000,499999999500000000,0.640128
Multithreading,8,1000000000,499999999500000000,0.694621
Multithreading,8,1000000000,499999999500000000,0.681614
Multithreading,8,1000000000,499999999500000000,0.695112
Multithreading,8,1000000000,499999999500000000,0.658259
Multithreading,8,1000000000,499999999500000000,0.680667
Multithreading,8,1000000000,499999999500000000,0.686917
Multithreading,8,1000000000,499999999500000000,0.690217
Multithreading,8,1000000000,499999999500000000,0.701823
Multithreading,8,1000000000,499999999500000000,0.712381
Multithreading,8,1000000000,499999999500000000,0.705981
Multithreading,8,1000000000,499999999500000000,0.689596
Multithreading,8,1000000000,499999999500000000,0.696127
Multithreading,8,1000000000,499999999500000000,0.679790
Multithreading,8,1000000000,499999999500000000,0.729101
Multithreading,8,1000000000,499999999500000000,0.715833
Multithreading,8,1000000000,499999999500000000,0.682266
Multithreading,8,1000000000,499999999500000000,0.728688
Multithreading,8,1000000000,499999999500000000,0.733967
Multithreading,8,1000000000,499999999500000000,0.701548
Multithreading,8,1000000000,499999999500000000,0.709337
Multithreading,8,1000000000,499999999500000000,0.696870
Multithreading,8,1000000000,499999999500000000,0.707843
Multithreading,8,1000000000,499999999500000000,0.724948
Multithreading,8,1000000000,499999999500000000,0.686796
Multithreading,8,1000000000,499999999500000000,0.697233
Multithreading,8,1000000000,499999999500000000,0.703991
Multithreading,8,1000000000,499999999500000000,0.700400
Multithreading,8,1000000000,499999999500000000,0.699313
Multithreading,8,1000000000,499999999500000000,0.672488
Multithreading,8,1000000000,499999999500000000,0.722351
Multithreading,8,1000000000,499999999500000000,0.713946
Multithreading,8,1000000000,499999999500000000,0.660732
Multithreading,8,1000000000,499999999500000000,0.695022
Multithreading,8,1000000000,499999999500000000,0.708396
Multithreading,8,1000000000,499999999500000000,0.701642
Multithreading,8,1000000000,499999999500000000,0.664860
Multithreading,8,1000000000,499999999500000000,0.688536
Multithreading,8,1000000000,499999999500000000,0.665481
Multithreading,8,1000000000,499999999500000000,0.743494
Multithreading,8,1000000000,499999999500000000,0.677477
Multithreading,8,1000000000,499999999500000000,0.694660
Multithreading,8,1000000000,499999999500000000,0.722311
Multithreading,8,1000000000,499999999500000000,0.752639
Multithreading,8,1000000000,499999999500000000,0.735542
Multithreading,8,1000000000,499999999500000000,0.695101
Multithreading,8,1000000000,499999999500000000,0.710505
Multithreading,8,1000000000,499999999500000000,0.723517
Multithreading,8,1000000000,499999999500000000,0.734793
Multithreading,8,1000000000,499999999500000000,0.727611
Multithreading,8,1000000000,499999999500000000,0.686224
Multithreading,8,1000000000,499999999500000000,0.714219
Multithreading,8,1000000000,499999999500000000,0.685074
Multithreading,8,1000000000,499999999500000000,0.676249
Multithreading,8,1000000000,499999999500000000,0.729450
Multithreading,8,1000000000,499999999500000000,0.699305
Multithreading,8,1000000000,499999999500000000,0.731279
Multithreading,8,1000000000,499999999500000000,0.696627
Multithreading,8,1000000000,499999999500000000,0.713882
Multithreading,8,1000000000,499999999500000000,0.703384
Multithreading,8,1000000000,499999999500000000,0.732071
Multithreading,8,1000000000,499999999500000000,0.717740
Multithreading,8,1000000000,499999999500000000,0.713418
Multithreading,8,1000000000,499999999500000000,0.674940
Multithreading,8,1000000000,499999999500000000,0.711198
Multithreading,8,1000000000,499999999500000000,0.710292
Multithreading,8,1000000000,499999999500000000,0.712424
Multithreading,8,1000000000,499999999500000000,0.719668
Multithreading,8,1000000000,499999999500000000,0.742450
Multithreading,8,1000000000,499999999500000000,0.683319
Multithreading,8,1000000000,499999999500000000,0.645144
Multithreading,8,1000000000,499999999500000000,0.723286
Multithreading,8,1000000000,499999999500000000,0.699772
Multithreading,8,1000000000,499999999500000000,0.743404
Multithreading,8,1000000000,499999999500000000,0.703535
Multithreading,8,1000000000,499999999500000000,0.735393
Multithreading,8,1000000000,499999999500000000,0.700738
Multithreading,8,1000000000,499999999500000000,0.701500
Multithreading,8,1000000000,499999999500000000,0.742179
Multiprocessing_fork,8,1000000000,499999999500000000,0.687506
Multiprocessing_fork,8,1000000000,499999999500000000,0.919169
Multiprocessing_fork,8,1000000000,499999999500000000,0.760611
Multiprocessing_fork,8,1000000000,499999999500000000,0.701149
Multiprocessing_fork,8,1000000000,499999999500000000,0.690991
Multiprocessing_fork,8,1000000000,499999999500000000,0.776460
Multiprocessing_fork,8,1000000000,499999999500000000,0.704644
Multiprocessing_fork,8,1000000000,499999999500000000,0.738477
Multiprocessing_fork,8,1000000000,499999999500000000,0.685657
Multiprocessing_fork,8,1000000000,499999999500000000,0.684604
Multiprocessing_fork,8,1000000000,499999999500000000,0.687927
Multiprocessing_fork,8,1000000000,499999999500000000,0.761308
Multiprocessing_fork,8,1000000000,499999999500000000,0.703059
Multiprocessing_fork,8,1000000000,499999999500000000,0.737785
Multiprocessing_fork,8,1000000000,499999999500000000,0.774946
Multiprocessing_fork,8,1000000000,499999999500000000,0.750691
Multiprocessing_fork,8,1000000000,499999999500000000,0.774423
Multiprocessing_fork,8,1000000000,499999999500000000,0.726633
Multiprocessing_fork,8,1000000000,499999999500000000,0.742168
Multiprocessing_fork,8,1000000000,499999999500000000,0.742049
Multiprocessing_fork,8,1000000000,499999999500000000,0.704196
Multiprocessing_fork,8,1000000000,499999999500000000,0.679468
Multiprocessing_fork,8,1000000000,499999999500000000,0.725801
Multiprocessing_fork,8,1000000000,499999999500000000,0.822321
Multiprocessing_fork,8,1000000000,499999999500000000,0.682842
Multiprocessing_fork,8,1000000000,499999999500000000,0.640193
Multiprocessing_fork,8,1000000000,499999999500000000,0.757969
Multiprocessing_fork,8,1000000000,499999999500000000,0.783984
Multiprocessing_fork,8,1000000000,499999999500000000,0.856123
Multiprocessing_fork,8,1000000000,499999999500000000,0.696681
Multiprocessing_fork,8,1000000000,499999999500000000,0.637697
Multiprocessing_fork,8,1000000000,499999999500000000,0.767131
Multiprocessing_fork,8,1000000000,499999999500000000,0.758010
Multiprocessing_fork,8,1000000000,499999999500000000,0.752165
Multiprocessing_fork,8,1000000000,499999999500000000,0.802266
Multiprocessing_fork,8,1000000000,499999999500000000,0.709509
Multiprocessing_fork,8,1000000000,499999999500000000,0.747519
Multiprocessing_fork,8,1000000000,499999999500000000,0.900706
Multiprocessing_fork,8,1000000000,499999999500000000,0.739202
Multiprocessing_fork,8,1000000000,499999999500000000,0.740997
Multiprocessing_fork,8,1000000000,499999999500000000,0.772540
Multiprocessing_fork,8,1000000000,499999999500000000,0.723151
Multiprocessing_fork,8,1000000000,499999999500000000,0.809711
Multiprocessing_fork,8,1000000000,499999999500000000,0.740900
Multiprocessing_fork,8,1000000000,499999999500000000,0.755489
Multiprocessing_fork,8,1000000000,499999999500000000,0.948693
Multiprocessing_fork,8,1000000000,499999999500000000,0.736099
Multiprocessing_fork,8,1000000000,499999999500000000,0.714255
Multiprocessing_fork,8,1000000000,499999999500000000,0.670249
Multiprocessing_fork,8,1000000000,499999999500000000,0.668774
Multiprocessing_fork,8,1000000000,499999999500000000,0.714669
Multiprocessing_fork,8,1000000000,499999999500000000,0.714156
Multiprocessing_fork,8,1000000000,499999999500000000,0.875403
Multiprocessing_fork,8,1000000000,499999999500000000,0.789386
Multiprocessing_fork,8,1000000000,499999999500000000,0.811006
Multiprocessing_fork,8,1000000000,499999999500000000,0.786074
Multiprocessing_fork,8,1000000000,499999999500000000,0.724874
Multiprocessing_fork,8,1000000000,499999999500000000,0.712257
Multiprocessing_fork,8,1000000000,499999999500000000,0.790568
Multiprocessing_fork,8,1000000000,499999999500000000,0.695380
Multiprocessing_fork,8,1000000000,499999999500000000,0.701306
Multiprocessing_fork,8,1000000000,499999999500000000,0.719572
Multiprocessing_fork,8,1000000000,499999999500000000,0.806189
Multiprocessing_fork,8,1000000000,499999999500000000,0.662549
Multiprocessing_fork,8,1000000000,499999999500000000,0.679557
Multiprocessing_fork,8,1000000000,499999999500000000,0.660900
Multiprocessing_fork,8,1000000000,499999999500000000,0.718862
Multiprocessing_fork,8,1000000000,499999999500000000,0.871621
Multiprocessing_fork,8,1000000000,499999999500000000,0.828351
Multiprocessing_fork,8,1000000000,499999999500000000,0.809604
Multiprocessing_fork,8,1000000000,499999999500000000,0.713949
Multiprocessing_fork,8,1000000000,499999999500000000,0.757928
Multiprocessing_fork,8,1000000000,499999999500000000,0.682224
Multiprocessing_fork,8,1000000000,499999999500000000,0.874554
Multiprocessing_fork,8,1000000000,499999999500000000,0.917699
Multiprocessing_fork,8,1000000000,499999999500000000,0.948105
Multiprocessing_fork,8,1000000000,499999999500000000,0.893754
Multiprocessing_fork,8,1000000000,499999999500000000,0.826957
Multiprocessing_fork,8,1000000000,499999999500000000,0.795405
Multiprocessing_fork,8,1000000000,499999999500000000,0.742999
Multiprocessing_fork,8,1000000000,499999999500000000,0.680491
Multiprocessing_fork,8,1000000000,499999999500000000,0.785745
Multiprocessing_fork,8,1000000000,499999999500000000,0.777137
Multiprocessing_fork,8,1000000000,499999999500000000,0.789282
Multiprocessing_fork,8,1000000000,499999999500000000,0.780657
Multiprocessing_fork,8,1000000000,499999999500000000,0.808448
Multiprocessing_fork,8,1000000000,499999999500000000,0.742210
Multiprocessing_fork,8,1000000000,499999999500000000,0.744844
Multiprocessing_fork,8,1000000000,499999999500000000,0.874011
Multiprocessing_fork,8,1000000000,499999999500000000,0.734006
Multiprocessing_fork,8,1000000000,499999999500000000,0.714003
Multiprocessing_fork,8,1000000000,499999999500000000,0.703380
Multiprocessing_fork,8,1000000000,499999999500000000,1.018563
Multiprocessing_fork,8,1000000000,499999999500000000,0.816194
Multiprocessing_fork,8,1000000000,499999999500000000,0.773095
Multiprocessing_fork,8,1000000000,499999999500000000,0.764863
Multiprocessing_fork,8,1000000000,499999999500000000,0.751150
Multiprocessing_fork,8,1000000000,499999999500000000,0.765139
Multiprocessing_fork,8,1000000000,499999999500000000,0.949222
Multiprocessing_fork,8,1000000000,499999999500000000,0.876265
Multiprocessing_popen,8,1000000000,499999999500000000,0.688431
Multiprocessing_popen,8,1000000000,499999999500000000,0.599561
Multiprocessing_popen,8,1000000000,499999999500000000,0.645710
Multiprocessing_popen,8,1000000000,499999999500000000,0.675432
Multiprocessing_popen,8,1000000000,499999999500000000,0.626912
Multiprocessing_popen,8,1000000000,499999999500000000,0.616927
Multiprocessing_popen,8,1000000000,499999999500000000,0.665822
Multiprocessing_popen,8,1000000000,499999999500000000,0.635092
Multiprocessing_popen,8,1000000000,499999999500000000,0.629780
Multiprocessing_popen,8,1000000000,499999999500000000,0.627249
Multiprocessing_popen,8,1000000000,499999999500000000,0.620713
Multiprocessing_popen,8,1000000000,499999999500000000,0.674627
Multiprocessing_popen,8,1000000000,499999999500000000,0.679664
Multiprocessing_popen,8,1000000000,499999999500000000,0.570309
Multiprocessing_popen,8,1000000000,499999999500000000,0.666157
Multiprocessing_popen,8,1000000000,499999999500000000,0.573697
Multiprocessing_popen,8,1000000000,499999999500000000,0.604249
Multiprocessing_popen,8,1000000000,499999999500000000,0.677484
Multiprocessing_popen,8,1000000000,499999999500000000,0.610268
Multiprocessing_popen,8,1000000000,499999999500000000,0.683192
Multiprocessing_popen,8,1000000000,499999999500000000,0.595919
Multiprocessing_popen,8,1000000000,499999999500000000,0.682286
Multiprocessing_popen,8,1000000000,499999999500000000,0.649722
Multiprocessing_popen,8,1000000000,499999999500000000,0.582544
Multiprocessing_popen,8,1000000000,499999999500000000,0.641071
Multiprocessing_popen,8,1000000000,499999999500000000,0.681226
Multiprocessing_popen,8,1000000000,499999999500000000,0.649164
Multiprocessing_popen,8,1000000000,499999999500000000,0.624191
Multiprocessing_popen,8,1000000000,499999999500000000,0.645611
Multiprocessing_popen,8,1000000000,499999999500000000,0.688402
Multiprocessing_popen,8,1000000000,499999999500000000,0.674784
Multiprocessing_popen,8,1000000000,499999999500000000,0.687245
Multiprocessing_popen,8,1000000000,499999999500000000,0.636702
Multiprocessing_popen,8,1000000000,499999999500000000,0.606575
Multiprocessing_popen,8,1000000000,499999999500000000,0.644066
Multiprocessing_popen,8,1000000000,499999999500000000,0.644022
Multiprocessing_popen,8,1000000000,499999999500000000,0.668862
Multiprocessing_popen,8,1000000000,499999999500000000,0.661088
Multiprocessing_popen,8,1000000000,499999999500000000,0.693698
Multiprocessing_popen,8,1000000000,499999999500000000,0.702417
Multiprocessing_popen,8,1000000000,499999999500000000,0.619204
Multiprocessing_popen,8,1000000000,499999999500000000,0.684112
Multiprocessing_popen,8,1000000000,499999999500000000,0.627038
Multiprocessing_popen,8,1000000000,499999999500000000,0.605033
Multiprocessing_popen,8,1000000000,499999999500000000,0.640368
Multiprocessing_popen,8,1000000000,499999999500000000,0.655050
Multiprocessing_popen,8,1000000000,499999999500000000,0.652929
Multiprocessing_popen,8,1000000000,499999999500000000,0.678929
Multiprocessing_popen,8,1000000000,499999999500000000,0.681443
Multiprocessing_popen,8,1000000000,499999999500000000,0.610307
Multiprocessing_popen,8,1000000000,499999999500000000,0.643968
Multiprocessing_popen,8,1000000000,499999999500000000,0.661208
Multiprocessing_popen,8,1000000000,499999999500000000,0.652414
Multiprocessing_popen,8,1000000000,499999999500000000,0.638785
Multiprocessing_popen,8,1000000000,499999999500000000,0.685686
Multiprocessing_popen,8,1000000000,499999999500000000,0.629420
Multiprocessing_popen,8,1000000000,499999999500000000,0.680322
Multiprocessing_popen,8,1000000000,499999999500000000,0.618615
Multiprocessing_popen,8,1000000000,499999999500000000,0.675933
Multiprocessing_popen,8,1000000000,499999999500000000,0.634708
Multiprocessing_popen,8,1000000000,499999999500000000,0.672961
Multiprocessing_popen,8,1000000000,499999999500000000,0.632124
Multiprocessing_popen,8,1000000000,499999999500000000,0.664628
Multiprocessing_popen,8,1000000000,499999999500000000,0.609399
Multiprocessing_popen,8,1000000000,499999999500000000,0.610841
Multiprocessing_popen,8,1000000000,499999999500000000,0.632176
Multiprocessing_popen,8,1000000000,499999999500000000,0.592414
Multiprocessing_popen,8,1000000000,499999999500000000,0.653479
Multiprocessing_popen,8,1000000000,499999999500000000,0.639318
Multiprocessing_popen,8,1000000000,499999999500000000,0.645259
Multiprocessing_popen,8,1000000000,499999999500000000,0.672853
Multiprocessing_popen,8,1000000000,499999999500000000,0.588235
Multiprocessing_popen,8,1000000000,499999999500000000,0.662629
Multiprocessing_popen,8,1000000000,499999999500000000,0.665712
Multiprocessing_popen,8,1000000000,499999999500000000,0.610224
Multiprocessing_popen,8,1000000000,499999999500000000,0.658486
Multiprocessing_popen,8,1000000000,499999999500000000,0.654305
Multiprocessing_popen,8,1000000000,499999999500000000,0.661744
Multiprocessing_popen,8,1000000000,499999999500000000,0.662505
Multiprocessing_popen,8,1000000000,499999999500000000,0.658754
Multiprocessing_popen,8,1000000000,499999999500000000,0.625932
Multiprocessing_popen,8,1000000000,499999999500000000,0.614533
Multiprocessing_popen,8,1000000000,499999999500000000,0.677024
Multiprocessing_popen,8,1000000000,499999999500000000,0.670226
Multiprocessing_popen,8,1000000000,499999999500000000,0.654199
Multiprocessing_popen,8,1000000000,499999999500000000,0.624743
Multiprocessing_popen,8,1000000000,499999999500000000,0.659015
Multiprocessing_popen,8,1000000000,499999999500000000,0.640984
Multiprocessing_popen,8,1000000000,499999999500000000,0.647811
Multiprocessing_popen,8,1000000000,499999999500000000,0.625016
Multiprocessing_popen,8,1000000000,499999999500000000,0.620609
Multiprocessing_popen,8,1000000000,499999999500000000,0.636982
Multiprocessing_popen,8,1000000000,499999999500000000,0.665156
Multiprocessing_popen,8,1000000000,499999999500000000,0.659978
Multiprocessing_popen,8,1000000000,499999999500000000,0.665943
Multiprocessing_popen,8,1000000000,499999999500000000,0.640035
Multiprocessing_popen,8,1000000000,499999999500000000,0.644691
Multiprocessing_popen,8,1000000000,499999999500000000,0.624267
Multiprocessing_popen,8,1000000000,499999999500000000,0.668658
Multiprocessing_popen,8,1000000000,499999999500000000,0.646011
Baseline,1,10000000000,-5340232226128654848,29.302368
Baseline,1,10000000000,-5340232226128654848,27.932151
Baseline,1,10000000000,-5340232226128654848,27.832126
Baseline,1,10000000000,-5340232226128654848,27.717546
Baseline,1,10000000000,-5340232226128654848,27.799490
Baseline,1,10000000000,-5340232226128654848,27.789325
Baseline,1,10000000000,-5340232226128654848,27.875566
Baseline,1,10000000000,-5340232226128654848,27.721567
Baseline,1,10000000000,-5340232226128654848,27.701161
Baseline,1,10000000000,-5340232226128654848,27.597369
Baseline,1,10000000000,-5340232226128654848,27.736751
Baseline,1,10000000000,-5340232226128654848,27.714091
Baseline,1,10000000000,-5340232226128654848,27.608423
Baseline,1,10000000000,-5340232226128654848,27.746079
Baseline,1,10000000000,-5340232226128654848,27.789005
Baseline,1,10000000000,-5340232226128654848,27.677422
Baseline,1,10000000000,-5340232226128654848,27.630081
Baseline,1,10000000000,-5340232226128654848,27.567881
Baseline,1,10000000000,-5340232226128654848,28.288209
Baseline,1,10000000000,-5340232226128654848,27.603452
Baseline,1,10000000000,-5340232226128654848,28.079094
Baseline,1,10000000000,-5340232226128654848,27.993255
Baseline,1,10000000000,-5340232226128654848,27.899398
Baseline,1,10000000000,-5340232226128654848,27.905022
Baseline,1,10000000000,-5340232226128654848,27.857012
Baseline,1,10000000000,-5340232226128654848,27.884260
Baseline,1,10000000000,-5340232226128654848,27.458476
Baseline,1,10000000000,-5340232226128654848,27.488314
Baseline,1,10000000000,-5340232226128654848,27.382875
Baseline,1,10000000000,-5340232226128654848,27.488980
Baseline,1,10000000000,-5340232226128654848,27.500055
Baseline,1,10000000000,-5340232226128654848,28.013201
Baseline,1,10000000000,-5340232226128654848,27.935899
Baseline,1,10000000000,-5340232226128654848,27.434785
Baseline,1,10000000000,-5340232226128654848,27.552346
Baseline,1,10000000000,-5340232226128654848,27.509718
Baseline,1,10000000000,-5340232226128654848,27.616762
Baseline,1,10000000000,-5340232226128654848,28.094047
Baseline,1,10000000000,-5340232226128654848,27.929369
Baseline,1,10000000000,-5340232226128654848,27.981661
Baseline,1,10000000000,-5340232226128654848,27.989161
Baseline,1,10000000000,-5340232226128654848,27.965371
Baseline,1,10000000000,-5340232226128654848,27.950960
Baseline,1,10000000000,-5340232226128654848,27.862785
Baseline,1,10000000000,-5340232226128654848,27.883460
Baseline,1,10000000000,-5340232226128654848,27.887938
Baseline,1,10000000000,-5340232226128654848,27.893465
Baseline,1,10000000000,-5340232226128654848,27.941710
Baseline,1,10000000000,-5340232226128654848,27.876734
Baseline,1,10000000000,-5340232226128654848,27.836683
Baseline,1,10000000000,-5340232226128654848,27.898313
Baseline,1,10000000000,-5340232226128654848,27.859444
Baseline,1,10000000000,-5340232226128654848,27.847791
Baseline,1,10000000000,-5340232226128654848,27.956065
Baseline,1,10000000000,-5340232226128654848,27.887892
Baseline,1,10000000000,-5340232226128654848,26.942550
Baseline,1,10000000000,-5340232226128654848,26.796011
Baseline,1,10000000000,-5340232226128654848,26.870399
Baseline,1,10000000000,-5340232226128654848,26.953996
Baseline,1,10000000000,-5340232226128654848,26.946039
Baseline,1,10000000000,-5340232226128654848,27.010696
Baseline,1,10000000000,-5340232226128654848,27.068706
Baseline,1,10000000000,-5340232226128654848,27.014483
Baseline,1,10000000000,-5340232226128654848,26.775692
Baseline,1,10000000000,-5340232226128654848,27.249698
Baseline,1,10000000000,-5340232226128654848,27.107007
Baseline,1,10000000000,-5340232226128654848,27.051687
Baseline,1,10000000000,-5340232226128654848,27.079681
Baseline,1,10000000000,-5340232226128654848,26.683976
Baseline,1,10000000000,-5340232226128654848,27.261036
Baseline,1,10000000000,-5340232226128654848,27.161681
Baseline,1,10000000000,-5340232226128654848,27.119011
Baseline,1,10000000000,-5340232226128654848,27.089552
Baseline,1,10000000000,-5340232226128654848,27.140827
Baseline,1,10000000000,-5340232226128654848,27.638834
Baseline,1,10000000000,-5340232226128654848,26.962730
Baseline,1,10000000000,-5340232226128654848,27.171656
Baseline,1,10000000000,-5340232226128654848,26.790961
Baseline,1,10000000000,-5340232226128654848,27.817250
Baseline,1,10000000000,-5340232226128654848,27.569495
Baseline,1,10000000000,-5340232226128654848,26.522494
Baseline,1,10000000000,-5340232226128654848,26.764557
Baseline,1,10000000000,-5340232226128654848,26.759437
Baseline,1,10000000000,-5340232226128654848,26.784871
Baseline,1,10000000000,-5340232226128654848,26.850930
Baseline,1,10000000000,-5340232226128654848,26.837419
Baseline,1,10000000000,-5340232226128654848,26.913917
Baseline,1,10000000000,-5340232226128654848,26.875161
Baseline,1,10000000000,-5340232226128654848,27.861992
Baseline,1,10000000000,-5340232226128654848,27.559938
Baseline,1,10000000000,-5340232226128654848,26.611957
Baseline,1,10000000000,-5340232226128654848,27.850838
Baseline,1,10000000000,-5340232226128654848,27.637592
Baseline,1,10000000000,-5340232226128654848,27.605154
Baseline,1,10000000000,-5340232226128654848,27.457573
Baseline,1,10000000000,-5340232226128654848,27.802834
Baseline,1,10000000000,-5340232226128654848,27.829739
Baseline,1,10000000000,-5340232226128654848,27.805401
Baseline,1,10000000000,-5340232226128654848,27.698219
Baseline,1,10000000000,-5340232226128654848,27.704429
Multithreading,2,10000000000,-5340232226128654848,12.764869
Multithreading,2,10000000000,-5340232226128654848,13.032290
Multithreading,2,10000000000,-5340232226128654848,13.196034
Multithreading,2,10000000000,-5340232226128654848,13.277251
Multithreading,2,10000000000,-5340232226128654848,13.312769
Multithreading,2,10000000000,-5340232226128654848,13.282577
Multithreading,2,10000000000,-5340232226128654848,13.197371
Multithreading,2,10000000000,-5340232226128654848,13.251204
Multithreading,2,10000000000,-5340232226128654848,13.275348
Multithreading,2,10000000000,-5340232226128654848,13.256946
Multithreading,2,10000000000,-5340232226128654848,13.232933
Multithreading,2,10000000000,-5340232226128654848,13.143960
Multithreading,2,10000000000,-5340232226128654848,13.262285
Multithreading,2,10000000000,-5340232226128654848,13.278920
Multithreading,2,10000000000,-5340232226128654848,13.279428
Multithreading,2,10000000000,-5340232226128654848,13.284751
Multithreading,2,10000000000,-5340232226128654848,13.303668
Multithreading,2,10000000000,-5340232226128654848,13.269877
Multithreading,2,10000000000,-5340232226128654848,13.292303
Multithreading,2,10000000000,-5340232226128654848,13.288696
Multithreading,2,10000000000,-5340232226128654848,13.292610
Multithreading,2,10000000000,-5340232226128654848,13.279924
Multithreading,2,10000000000,-5340232226128654848,13.246439
Multithreading,2,10000000000,-5340232226128654848,13.282533
Multithreading,2,10000000000,-5340232226128654848,13.303447
Multithreading,2,10000000000,-5340232226128654848,13.275544
Multithreading,2,10000000000,-5340232226128654848,13.331804
Multithreading,2,10000000000,-5340232226128654848,13.283181
Multithreading,2,10000000000,-5340232226128654848,13.274314
Multithreading,2,10000000000,-5340232226128654848,13.313392
Multithreading,2,10000000000,-5340232226128654848,13.269891
Multithreading,2,10000000000,-5340232226128654848,13.270150
Multithreading,2,10000000000,-5340232226128654848,13.301224
Multithreading,2,10000000000,-5340232226128654848,13.301011
Multithreading,2,10000000000,-5340232226128654848,13.297357
Multithreading,2,10000000000,-5340232226128654848,13.310999
Multithreading,2,10000000000,-5340232226128654848,13.309960
Multithreading,2,10000000000,-5340232226128654848,13.301486
Multithreading,2,10000000000,-5340232226128654848,13.316477
Multithreading,2,10000000000,-5340232226128654848,13.317880
Multithreading,2,10000000000,-5340232226128654848,13.332903
Multithreading,2,10000000000,-5340232226128654848,13.264411
Multithreading,2,10000000000,-5340232226128654848,13.308997
Multithreading,2,10000000000,-5340232226128654848,13.294696
Multithreading,2,10000000000,-5340232226128654848,13.279712
Multithreading,2,10000000000,-5340232226128654848,13.300823
Multithreading,2,10000000000,-5340232226128654848,13.305569
Multithreading,2,10000000000,-5340232226128654848,13.306808
Multithreading,2,10000000000,-5340232226128654848,13.318791
Multithreading,2,10000000000,-5340232226128654848,13.327005
Multithreading,2,10000000000,-5340232226128654848,13.318509
Multithreading,2,10000000000,-5340232226128654848,13.336179
Multithreading,2,10000000000,-5340232226128654848,13.299720
Multithreading,2,10000000000,-5340232226128654848,13.381485
Multithreading,2,10000000000,-5340232226128654848,13.501566
Multithreading,2,10000000000,-5340232226128654848,13.355857
Multithreading,2,10000000000,-5340232226128654848,13.326669
Multithreading,2,10000000000,-5340232226128654848,13.336985
Multithreading,2,10000000000,-5340232226128654848,13.324635
Multithreading,2,10000000000,-5340232226128654848,13.288792
Multithreading,2,10000000000,-5340232226128654848,13.325439
Multithreading,2,10000000000,-5340232226128654848,13.320886
Multithreading,2,10000000000,-5340232226128654848,13.319145
Multithreading,2,10000000000,-5340232226128654848,13.385982
Multithreading,2,10000000000,-5340232226128654848,13.342414
Multithreading,2,10000000000,-5340232226128654848,13.349392
Multithreading,2,10000000000,-5340232226128654848,13.346890
Multithreading,2,10000000000,-5340232226128654848,13.348368
Multithreading,2,10000000000,-5340232226128654848,13.330763
Multithreading,2,10000000000,-5340232226128654848,13.347233
Multithreading,2,10000000000,-5340232226128654848,13.401159
Multithreading,2,10000000000,-5340232226128654848,13.367659
Multithreading,2,10000000000,-5340232226128654848,13.311017
Multithreading,2,10000000000,-5340232226128654848,13.303599
Multithreading,2,10000000000,-5340232226128654848,13.356550
Multithreading,2,10000000000,-5340232226128654848,13.357939
Multithreading,2,10000000000,-5340232226128654848,13.358941
Multithreading,2,10000000000,-5340232226128654848,13.328216
Multithreading,2,10000000000,-5340232226128654848,13.304222
Multithreading,2,10000000000,-5340232226128654848,13.345708
Multithreading,2,10000000000,-5340232226128654848,13.361035
Multithreading,2,10000000000,-5340232226128654848,13.341349
Multithreading,2,10000000000,-5340232226128654848,13.367064
Multithreading,2,10000000000,-5340232226128654848,13.313817
Multithreading,2,10000000000,-5340232226128654848,13.361314
Multithreading,2,10000000000,-5340232226128654848,13.328800
Multithreading,2,10000000000,-5340232226128654848,13.343953
Multithreading,2,10000000000,-5340232226128654848,13.327311
Multithreading,2,10000000000,-5340232226128654848,13.320205
Multithreading,2,10000000000,-5340232226128654848,13.344240
Multithreading,2,10000000000,-5340232226128654848,13.357331
Multithreading,2,10000000000,-5340232226128654848,13.387633
Multithreading,2,10000000000,-5340232226128654848,13.349758
Multithreading,2,10000000000,-5340232226128654848,13.358461
Multithreading,2,10000000000,-5340232226128654848,13.329089
Multithreading,2,10000000000,-5340232226128654848,13.307505
Multithreading,2,10000000000,-5340232226128654848,13.325710
Multithreading,2,10000000000,-5340232226128654848,13.337807
Multithreading,2,10000000000,-5340232226128654848,13.384902
Multithreading,2,10000000000,-5340232226128654848,13.329529
Multiprocessing_fork,2,10000000000,-5340232226128654848,13.386877
Multiprocessing_fork,2,10000000000,-5340232226128654848,13.518654
Multiprocessing_fork,2,10000000000,-5340232226128654848,13.422524
Multiprocessing_fork,2,10000000000,-5340232226128654848,13.511741
Multiprocessing_fork,2,10000000000,-5340232226128654848,13.460047
Multiprocessing_fork,2,10000000000,-5340232226128654848,13.541802
Multiprocessing_fork,2,10000000000,-5340232226128654848,13.510027
Multiprocessing_fork,2,10000000000,-5340232226128654848,13.432252
Multiprocessing_fork,2,10000000000,-5340232226128654848,13.445622
Multiprocessing_fork,2,10000000000,-5340232226128654848,13.828693
Multiprocessing_fork,2,10000000000,-5340232226128654848,13.659902
Multiprocessing_fork,2,10000000000,-5340232226128654848,13.552270
Multiprocessing_fork,2,10000000000,-5340232226128654848,13.639102
Multiprocessing_fork,2,10000000000,-5340232226128654848,13.447150
Multiprocessing_fork,2,10000000000,-5340232226128654848,13.733418
Multiprocessing_fork,2,10000000000,-5340232226128654848,13.548820
Multiprocessing_fork,2,10000000000,-5340232226128654848,13.707601
Multiprocessing_fork,2,10000000000,-5340232226128654848,13.517426
Multiprocessing_fork,2,10000000000,-5340232226128654848,13.664148
Multiprocessing_fork,2,10000000000,-5340232226128654848,13.534063
Multiprocessing_fork,2,10000000000,-5340232226128654848,13.580957
Multiprocessing_fork,2,10000000000,-5340232226128654848,13.801807
Multiprocessing_fork,2,10000000000,-5340232226128654848,13.683917
Multiprocessing_fork,2,10000000000,-5340232226128654848,13.344607
Multiprocessing_fork,2,10000000000,-5340232226128654848,13.749490
Multiprocessing_fork,2,10000000000,-5340232226128654848,13.197529
Multiprocessing_fork,2,10000000000,-5340232226128654848,13.305820
Multiprocessing_fork,2,10000000000,-5340232226128654848,13.519957
Multiprocessing_fork,2,10000000000,-5340232226128654848,13.537413
Multiprocessing_fork,2,10000000000,-5340232226128654848,13.451024
Multiprocessing_fork,2,10000000000,-5340232226128654848,13.423550
Multiprocessing_fork,2,10000000000,-5340232226128654848,13.464523
Multiprocessing_fork,2,10000000000,-5340232226128654848,13.470061
Multiprocessing_fork,2,10000000000,-5340232226128654848,13.477636
Multiprocessing_fork,2,10000000000,-5340232226128654848,13.466868
Multiprocessing_fork,2,10000000000,-5340232226128654848,13.411130
Multiprocessing_fork,2,10000000000,-5340232226128654848,13.486442
Multiprocessing_fork,2,10000000000,-5340232226128654848,13.340401
Multiprocessing_fork,2,10000000000,-5340232226128654848,13.453427
Multiprocessing_fork,2,10000000000,-5340232226128654848,13.363742
Multiprocessing_fork,2,10000000000,-5340232226128654848,13.491468
Multiprocessing_fork,2,10000000000,-5340232226128654848,13.389072
Multiprocessing_fork,2,10000000000,-5340232226128654848,13.535887
Multiprocessing_fork,2,10000000000,-5340232226128654848,13.393905
Multiprocessing_fork,2,10000000000,-5340232226128654848,13.464566
Multiprocessing_fork,2,10000000000,-5340232226128654848,13.490948
Multiprocessing_fork,2,10000000000,-5340232226128654848,13.428873
Multiprocessing_fork,2,10000000000,-5340232226128654848,13.412487
Multiprocessing_fork,2,10000000000,-5340232226128654848,13.530759
Multiprocessing_fork,2,10000000000,-5340232226128654848,13.481113
Multiprocessing_fork,2,10000000000,-5340232226128654848,13.493506
Multiprocessing_fork,2,10000000000,-5340232226128654848,13.525282
Multiprocessing_fork,2,10000000000,-5340232226128654848,13.400878
Multiprocessing_fork,2,10000000000,-5340232226128654848,13.427209
Multiprocessing_fork,2,10000000000,-5340232226128654848,13.477883
Multiprocessing_fork,2,10000000000,-5340232226128654848,13.424456
Multiprocessing_fork,2,10000000000,-5340232226128654848,13.409932
Multiprocessing_fork,2,10000000000,-5340232226128654848,13.579676
Multiprocessing_fork,2,10000000000,-5340232226128654848,13.433220
Multiprocessing_fork,2,10000000000,-5340232226128654848,13.547084
Multiprocessing_fork,2,10000000000,-5340232226128654848,13.370752
Multiprocessing_fork,2,10000000000,-5340232226128654848,13.497938
Multiprocessing_fork,2,10000000000,-5340232226128654848,13.410659
Multiprocessing_fork,2,10000000000,-5340232226128654848,13.459841
Multiprocessing_fork,2,10000000000,-5340232226128654848,13.510818
Multiprocessing_fork,2,10000000000,-5340232226128654848,13.529390
Multiprocessing_fork,2,10000000000,-5340232226128654848,13.484494
Multiprocessing_fork,2,10000000000,-5340232226128654848,13.539079
Multiprocessing_fork,2,10000000000,-5340232226128654848,13.517383
Multiprocessing_fork,2,10000000000,-5340232226128654848,13.846498
Multiprocessing_fork,2,10000000000,-5340232226128654848,13.512580
Multiprocessing_fork,2,10000000000,-5340232226128654848,13.807394
Multiprocessing_fork,2,10000000000,-5340232226128654848,13.679551
Multiprocessing_fork,2,10000000000,-5340232226128654848,13.740702
Multiprocessing_fork,2,10000000000,-5340232226128654848,13.584902
Multiprocessing_fork,2,10000000000,-5340232226128654848,13.619717
Multiprocessing_fork,2,10000000000,-5340232226128654848,13.376664
Multiprocessing_fork,2,10000000000,-5340232226128654848,13.571674
Multiprocessing_fork,2,10000000000,-5340232226128654848,13.726375
Multiprocessing_fork,2,10000000000,-5340232226128654848,13.612721
Multiprocessing_fork,2,10000000000,-5340232226128654848,13.437858
Multiprocessing_fork,2,10000000000,-5340232226128654848,13.692976
Multiprocessing_fork,2,10000000000,-5340232226128654848,13.696115
Multiprocessing_fork,2,10000000000,-5340232226128654848,13.464414
Multiprocessing_fork,2,10000000000,-5340232226128654848,13.656222
Multiprocessing_fork,2,10000000000,-5340232226128654848,13.565239
Multiprocessing_fork,2,10000000000,-5340232226128654848,13.502913
Multiprocessing_fork,2,10000000000,-5340232226128654848,13.497608
Multiprocessing_fork,2,10000000000,-5340232226128654848,13.753121
Multiprocessing_fork,2,10000000000,-5340232226128654848,13.442779
Multiprocessing_fork,2,10000000000,-5340232226128654848,13.727220
Multiprocessing_fork,2,10000000000,-5340232226128654848,13.483370
Multiprocessing_fork,2,10000000000,-5340232226128654848,13.771350
Multiprocessing_fork,2,10000000000,-5340232226128654848,13.432376
Multiprocessing_fork,2,10000000000,-5340232226128654848,13.732075
Multiprocessing_fork,2,10000000000,-5340232226128654848,13.374673
Multiprocessing_fork,2,10000000000,-5340232226128654848,13.746344
Multiprocessing_fork,2,10000000000,-5340232226128654848,13.593775
Multiprocessing_fork,2,10000000000,-5340232226128654848,13.535467
Multiprocessing_fork,2,10000000000,-5340232226128654848,13.420226
Multiprocessing_popen,2,10000000000,-5340232226128654848,15.809500
Multiprocessing_popen,2,10000000000,-5340232226128654848,15.847830
Multiprocessing_popen,2,10000000000,-5340232226128654848,15.828496
Multiprocessing_popen,2,10000000000,-5340232226128654848,15.800673
Multiprocessing_popen,2,10000000000,-5340232226128654848,15.614624
Multiprocessing_popen,2,10000000000,-5340232226128654848,15.745286
Multiprocessing_popen,2,10000000000,-5340232226128654848,15.738768
Multiprocessing_popen,2,10000000000,-5340232226128654848,15.747907
Multiprocessing_popen,2,10000000000,-5340232226128654848,15.689373
Multiprocessing_popen,2,10000000000,-5340232226128654848,15.763418
Multiprocessing_popen,2,10000000000,-5340232226128654848,15.244231
Multiprocessing_popen,2,10000000000,-5340232226128654848,14.970439
Multiprocessing_popen,2,10000000000,-5340232226128654848,15.173690
Multiprocessing_popen,2,10000000000,-5340232226128654848,15.654450
Multiprocessing_popen,2,10000000000,-5340232226128654848,15.368977
Multiprocessing_popen,2,10000000000,-5340232226128654848,15.437140
Multiprocessing_popen,2,10000000000,-5340232226128654848,15.861454
Multiprocessing_popen,2,10000000000,-5340232226128654848,15.618107
Multiprocessing_popen,2,10000000000,-5340232226128654848,15.895208
Multiprocessing_popen,2,10000000000,-5340232226128654848,15.335599
Multiprocessing_popen,2,10000000000,-5340232226128654848,15.823139
Multiprocessing_popen,2,10000000000,-5340232226128654848,15.386094
Multiprocessing_popen,2,10000000000,-5340232226128654848,15.495087
Multiprocessing_popen,2,10000000000,-5340232226128654848,15.846894
Multiprocessing_popen,2,10000000000,-5340232226128654848,15.300849
Multiprocessing_popen,2,10000000000,-5340232226128654848,15.763928
Multiprocessing_popen,2,10000000000,-5340232226128654848,15.779215
Multiprocessing_popen,2,10000000000,-5340232226128654848,15.303682
Multiprocessing_popen,2,10000000000,-5340232226128654848,15.354029
Multiprocessing_popen,2,10000000000,-5340232226128654848,15.407439
Multiprocessing_popen,2,10000000000,-5340232226128654848,15.911756
Multiprocessing_popen,2,10000000000,-5340232226128654848,15.336166
Multiprocessing_popen,2,10000000000,-5340232226128654848,15.747112
Multiprocessing_popen,2,10000000000,-5340232226128654848,15.344636
Multiprocessing_popen,2,10000000000,-5340232226128654848,15.757293
Multiprocessing_popen,2,10000000000,-5340232226128654848,15.777241
Multiprocessing_popen,2,10000000000,-5340232226128654848,15.755031
Multiprocessing_popen,2,10000000000,-5340232226128654848,15.202366
Multiprocessing_popen,2,10000000000,-5340232226128654848,15.789954
Multiprocessing_popen,2,10000000000,-5340232226128654848,15.849916
Multiprocessing_popen,2,10000000000,-5340232226128654848,15.722907
Multiprocessing_popen,2,10000000000,-5340232226128654848,15.668095
Multiprocessing_popen,2,10000000000,-5340232226128654848,15.292229
Multiprocessing_popen,2,10000000000,-5340232226128654848,15.226606
Multiprocessing_popen,2,10000000000,-5340232226128654848,15.344021
Multiprocessing_popen,2,10000000000,-5340232226128654848,15.381472
Multiprocessing_popen,2,10000000000,-5340232226128654848,15.839016
Multiprocessing_popen,2,10000000000,-5340232226128654848,15.775876
Multiprocessing_popen,2,10000000000,-5340232226128654848,15.804168
Multiprocessing_popen,2,10000000000,-5340232226128654848,15.426432
Multiprocessing_popen,2,10000000000,-5340232226128654848,14.982411
Multiprocessing_popen,2,10000000000,-5340232226128654848,15.104763
Multiprocessing_popen,2,10000000000,-5340232226128654848,15.076716
Multiprocessing_popen,2,10000000000,-5340232226128654848,15.116819
Multiprocessing_popen,2,10000000000,-5340232226128654848,15.146730
Multiprocessing_popen,2,10000000000,-5340232226128654848,15.224412
Multiprocessing_popen,2,10000000000,-5340232226128654848,15.149515
Multiprocessing_popen,2,10000000000,-5340232226128654848,15.173551
Multiprocessing_popen,2,10000000000,-5340232226128654848,15.194861
Multiprocessing_popen,2,10000000000,-5340232226128654848,15.247945
Multiprocessing_popen,2,10000000000,-5340232226128654848,15.332275
Multiprocessing_popen,2,10000000000,-5340232226128654848,15.230179
Multiprocessing_popen,2,10000000000,-5340232226128654848,15.176711
Multiprocessing_popen,2,10000000000,-5340232226128654848,15.275538
Multiprocessing_popen,2,10000000000,-5340232226128654848,15.331917
Multiprocessing_popen,2,10000000000,-5340232226128654848,15.195287
Multiprocessing_popen,2,10000000000,-5340232226128654848,15.235053
Multiprocessing_popen,2,10000000000,-5340232226128654848,15.272729
Multiprocessing_popen,2,10000000000,-5340232226128654848,15.258163
Multiprocessing_popen,2,10000000000,-5340232226128654848,15.253031
Multiprocessing_popen,2,10000000000,-5340232226128654848,15.245148
Multiprocessing_popen,2,10000000000,-5340232226128654848,15.302694
Multiprocessing_popen,2,10000000000,-5340232226128654848,15.213115
Multiprocessing_popen,2,10000000000,-5340232226128654848,15.285403
Multiprocessing_popen,2,10000000000,-5340232226128654848,15.208866
Multiprocessing_popen,2,10000000000,-5340232226128654848,15.294064
Multiprocessing_popen,2,10000000000,-5340232226128654848,15.251033
Multiprocessing_popen,2,10000000000,-5340232226128654848,15.275700
Multiprocessing_popen,2,10000000000,-5340232226128654848,15.261633
Multiprocessing_popen,2,10000000000,-5340232226128654848,15.203825
Multiprocessing_popen,2,10000000000,-5340232226128654848,15.270162
Multiprocessing_popen,2,10000000000,-5340232226128654848,15.292520
Multiprocessing_popen,2,10000000000,-5340232226128654848,15.235482
Multiprocessing_popen,2,10000000000,-5340232226128654848,15.571264
Multiprocessing_popen,2,10000000000,-5340232226128654848,15.536373
Multiprocessing_popen,2,10000000000,-5340232226128654848,15.797332
Multiprocessing_popen,2,10000000000,-5340232226128654848,15.766781
Multiprocessing_popen,2,10000000000,-5340232226128654848,15.735218
Multiprocessing_popen,2,10000000000,-5340232226128654848,15.650804
Multiprocessing_popen,2,10000000000,-5340232226128654848,15.620709
Multiprocessing_popen,2,10000000000,-5340232226128654848,15.333327
Multiprocessing_popen,2,10000000000,-5340232226128654848,15.428455
Multiprocessing_popen,2,10000000000,-5340232226128654848,15.831166
Multiprocessing_popen,2,10000000000,-5340232226128654848,15.713443
Multiprocessing_popen,2,10000000000,-5340232226128654848,15.619984
Multiprocessing_popen,2,10000000000,-5340232226128654848,15.660553
Multiprocessing_popen,2,10000000000,-5340232226128654848,15.648650
Multiprocessing_popen,2,10000000000,-5340232226128654848,15.295348
Multiprocessing_popen,2,10000000000,-5340232226128654848,15.779019
Multiprocessing_popen,2,10000000000,-5340232226128654848,15.648753
Baseline,1,10000000000,-5340232226128654848,28.583913
Baseline,1,10000000000,-5340232226128654848,28.144650
Baseline,1,10000000000,-5340232226128654848,28.697636
Baseline,1,10000000000,-5340232226128654848,28.445244
Baseline,1,10000000000,-5340232226128654848,28.510069
Baseline,1,10000000000,-5340232226128654848,28.402107
Baseline,1,10000000000,-5340232226128654848,28.472601
Baseline,1,10000000000,-5340232226128654848,27.883783
Baseline,1,10000000000,-5340232226128654848,28.438948
Baseline,1,10000000000,-5340232226128654848,28.251424
Baseline,1,10000000000,-5340232226128654848,28.221791
Baseline,1,10000000000,-5340232226128654848,28.221675
Baseline,1,10000000000,-5340232226128654848,28.094482
Baseline,1,10000000000,-5340232226128654848,28.229910
Baseline,1,10000000000,-5340232226128654848,28.122911
Baseline,1,10000000000,-5340232226128654848,28.196053
Baseline,1,10000000000,-5340232226128654848,27.973495
Baseline,1,10000000000,-5340232226128654848,28.169221
Baseline,1,10000000000,-5340232226128654848,28.081098
Baseline,1,10000000000,-5340232226128654848,28.132837
Baseline,1,10000000000,-5340232226128654848,27.659503
Baseline,1,10000000000,-5340232226128654848,27.607088
Baseline,1,10000000000,-5340232226128654848,27.716553
Baseline,1,10000000000,-5340232226128654848,27.690501
Baseline,1,10000000000,-5340232226128654848,27.658109
Baseline,1,10000000000,-5340232226128654848,27.635117
Baseline,1,10000000000,-5340232226128654848,27.680720
Baseline,1,10000000000,-5340232226128654848,27.689663
Baseline,1,10000000000,-5340232226128654848,27.688459
Baseline,1,10000000000,-5340232226128654848,27.659299
Baseline,1,10000000000,-5340232226128654848,27.678303
Baseline,1,10000000000,-5340232226128654848,27.719409
Baseline,1,10000000000,-5340232226128654848,27.706557
Baseline,1,10000000000,-5340232226128654848,27.638656
Baseline,1,10000000000,-5340232226128654848,27.627522
Baseline,1,10000000000,-5340232226128654848,27.618717
Baseline,1,10000000000,-5340232226128654848,27.543696
Baseline,1,10000000000,-5340232226128654848,27.648667
Baseline,1,10000000000,-5340232226128654848,27.576703
Baseline,1,10000000000,-5340232226128654848,27.747920
Baseline,1,10000000000,-5340232226128654848,27.745440
Baseline,1,10000000000,-5340232226128654848,28.322284
Baseline,1,10000000000,-5340232226128654848,27.796027
Baseline,1,10000000000,-5340232226128654848,27.271829
Baseline,1,10000000000,-5340232226128654848,27.439772
Baseline,1,10000000000,-5340232226128654848,27.470098
Baseline,1,10000000000,-5340232226128654848,28.053120
Baseline,1,10000000000,-5340232226128654848,27.466749
Baseline,1,10000000000,-5340232226128654848,27.428479
Baseline,1,10000000000,-5340232226128654848,27.519577
Baseline,1,10000000000,-5340232226128654848,27.581885
Baseline,1,10000000000,-5340232226128654848,27.596438
Baseline,1,10000000000,-5340232226128654848,27.361727
Baseline,1,10000000000,-5340232226128654848,27.549970
Baseline,1,10000000000,-5340232226128654848,28.061063
Baseline,1,10000000000,-5340232226128654848,27.557725
Baseline,1,10000000000,-5340232226128654848,27.590275
Baseline,1,10000000000,-5340232226128654848,27.785141
Baseline,1,10000000000,-5340232226128654848,27.884717
Baseline,1,10000000000,-5340232226128654848,27.613396
Baseline,1,10000000000,-5340232226128654848,28.414451
Baseline,1,10000000000,-5340232226128654848,27.680332
Baseline,1,10000000000,-5340232226128654848,27.566899
Baseline,1,10000000000,-5340232226128654848,27.719704
Baseline,1,10000000000,-5340232226128654848,27.755324
Baseline,1,10000000000,-5340232226128654848,27.852704
Baseline,1,10000000000,-5340232226128654848,27.727485
Baseline,1,10000000000,-5340232226128654848,27.649005
Baseline,1,10000000000,-5340232226128654848,27.681491
Baseline,1,10000000000,-5340232226128654848,27.574496
Baseline,1,10000000000,-5340232226128654848,27.592138
Baseline,1,10000000000,-5340232226128654848,26.743008
Baseline,1,10000000000,-5340232226128654848,26.941683
Baseline,1,10000000000,-5340232226128654848,27.068758
Baseline,1,10000000000,-5340232226128654848,27.107766
Baseline,1,10000000000,-5340232226128654848,27.119155
Baseline,1,10000000000,-5340232226128654848,27.192458
Baseline,1,10000000000,-5340232226128654848,27.138401
Baseline,1,10000000000,-5340232226128654848,26.768665
Baseline,1,10000000000,-5340232226128654848,27.292964
Baseline,1,10000000000,-5340232226128654848,26.702239
Baseline,1,10000000000,-5340232226128654848,26.436526
Baseline,1,10000000000,-5340232226128654848,26.995255
Baseline,1,10000000000,-5340232226128654848,26.586422
Baseline,1,10000000000,-5340232226128654848,26.686706
Baseline,1,10000000000,-5340232226128654848,26.886203
Baseline,1,10000000000,-5340232226128654848,26.880221
Baseline,1,10000000000,-5340232226128654848,26.890974
Baseline,1,10000000000,-5340232226128654848,26.862970
Baseline,1,10000000000,-5340232226128654848,26.845559
Baseline,1,10000000000,-5340232226128654848,26.551476
Baseline,1,10000000000,-5340232226128654848,26.547392
Baseline,1,10000000000,-5340232226128654848,27.029262
Baseline,1,10000000000,-5340232226128654848,27.463741
Baseline,1,10000000000,-5340232226128654848,27.294870
Baseline,1,10000000000,-5340232226128654848,26.770500
Baseline,1,10000000000,-5340232226128654848,26.838236
Baseline,1,10000000000,-5340232226128654848,26.873737
Baseline,1,10000000000,-5340232226128654848,27.009010
Baseline,1,10000000000,-5340232226128654848,26.987280
Multithreading,4,10000000000,-5340232226128654848,9.353153
Multithreading,4,10000000000,-5340232226128654848,9.502405
Multithreading,4,10000000000,-5340232226128654848,9.342834
Multithreading,4,10000000000,-5340232226128654848,9.784237
Multithreading,4,10000000000,-5340232226128654848,9.507705
Multithreading,4,10000000000,-5340232226128654848,9.547171
Multithreading,4,10000000000,-5340232226128654848,9.563294
Multithreading,4,10000000000,-5340232226128654848,9.561396
Multithreading,4,10000000000,-5340232226128654848,9.796702
Multithreading,4,10000000000,-5340232226128654848,9.724400
Multithreading,4,10000000000,-5340232226128654848,9.497789
Multithreading,4,10000000000,-5340232226128654848,9.580604
Multithreading,4,10000000000,-5340232226128654848,9.539259
Multithreading,4,10000000000,-5340232226128654848,9.672476
Multithreading,4,10000000000,-5340232226128654848,9.754765
Multithreading,4,10000000000,-5340232226128654848,9.525134
Multithreading,4,10000000000,-5340232226128654848,9.815190
Multithreading,4,10000000000,-5340232226128654848,9.565476
Multithreading,4,10000000000,-5340232226128654848,9.711570
Multithreading,4,10000000000,-5340232226128654848,9.696124
Multithreading,4,10000000000,-5340232226128654848,9.571642
Multithreading,4,10000000000,-5340232226128654848,9.611365
Multithreading,4,10000000000,-5340232226128654848,9.617289
Multithreading,4,10000000000,-5340232226128654848,9.677416
Multithreading,4,10000000000,-5340232226128654848,9.837913
Multithreading,4,10000000000,-5340232226128654848,9.548007
Multithreading,4,10000000000,-5340232226128654848,9.759694
Multithreading,4,10000000000,-5340232226128654848,9.751547
Multithreading,4,10000000000,-5340232226128654848,9.581511
Multithreading,4,10000000000,-5340232226128654848,9.481487
Multithreading,4,10000000000,-5340232226128654848,9.627800
Multithreading,4,10000000000,-5340232226128654848,9.498679
Multithreading,4,10000000000,-5340232226128654848,9.710454
Multithreading,4,10000000000,-5340232226128654848,9.528790
Multithreading,4,10000000000,-5340232226128654848,9.596840
Multithreading,4,10000000000,-5340232226128654848,9.737212
Multithreading,4,10000000000,-5340232226128654848,9.535136
Multithreading,4,10000000000,-5340232226128654848,9.775800
Multithreading,4,10000000000,-5340232226128654848,9.574574
Multithreading,4,10000000000,-5340232226128654848,9.812155
Multithreading,4,10000000000,-5340232226128654848,9.175819
Multithreading,4,10000000000,-5340232226128654848,9.648277
Multithreading,4,10000000000,-5340232226128654848,9.683465
Multithreading,4,10000000000,-5340232226128654848,9.698724
Multithreading,4,10000000000,-5340232226128654848,9.670789
Multithreading,4,10000000000,-5340232226128654848,9.804750
Multithreading,4,10000000000,-5340232226128654848,9.478030
Multithreading,4,10000000000,-5340232226128654848,8.960922
Multithreading,4,10000000000,-5340232226128654848,9.600739
Multithreading,4,10000000000,-5340232226128654848,9.636169
Multithreading,4,10000000000,-5340232226128654848,9.671365
Multithreading,4,10000000000,-5340232226128654848,9.687202
Multithreading,4,10000000000,-5340232226128654848,9.654750
Multithreading,4,10000000000,-5340232226128654848,9.613091
Multithreading,4,10000000000,-5340232226128654848,9.473384
Multithreading,4,10000000000,-5340232226128654848,9.647978
Multithreading,4,10000000000,-5340232226128654848,9.720319
Multithreading,4,10000000000,-5340232226128654848,9.687467
Multithreading,4,10000000000,-5340232226128654848,9.536902
Multithreading,4,10000000000,-5340232226128654848,9.640146
Multithreading,4,10000000000,-5340232226128654848,9.494948
Multithreading,4,10000000000,-5340232226128654848,9.558023
Multithreading,4,10000000000,-5340232226128654848,9.609676
Multithreading,4,10000000000,-5340232226128654848,9.105070
Multithreading,4,10000000000,-5340232226128654848,9.545447
Multithreading,4,10000000000,-5340232226128654848,9.663537
Multithreading,4,10000000000,-5340232226128654848,9.374039
Multithreading,4,10000000000,-5340232226128654848,9.808588
Multithreading,4,10000000000,-5340232226128654848,9.507392
Multithreading,4,10000000000,-5340232226128654848,9.811954
Multithreading,4,10000000000,-5340232226128654848,9.804526
Multithreading,4,10000000000,-5340232226128654848,9.783464
Multithreading,4,10000000000,-5340232226128654848,9.581194
Multithreading,4,10000000000,-5340232226128654848,9.530906
Multithreading,4,10000000000,-5340232226128654848,9.499566
Multithreading,4,10000000000,-5340232226128654848,9.801258
Multithreading,4,10000000000,-5340232226128654848,9.709071
Multithreading,4,10000000000,-5340232226128654848,9.707459
Multithreading,4,10000000000,-5340232226128654848,9.557472
Multithreading,4,10000000000,-5340232226128654848,9.787048
Multithreading,4,10000000000,-5340232226128654848,9.560061
Multithreading,4,10000000000,-5340232226128654848,9.801605
Multithreading,4,10000000000,-5340232226128654848,9.772067
Multithreading,4,10000000000,-5340232226128654848,9.752969
Multithreading,4,10000000000,-5340232226128654848,8.988356
Multithreading,4,10000000000,-5340232226128654848,9.715780
Multithreading,4,10000000000,-5340232226128654848,9.703687
Multithreading,4,10000000000,-5340232226128654848,9.810420
Multithreading,4,10000000000,-5340232226128654848,9.530385
Multithreading,4,10000000000,-5340232226128654848,8.947359
Multithreading,4,10000000000,-5340232226128654848,9.755916
Multithreading,4,10000000000,-5340232226128654848,9.670845
Multithreading,4,10000000000,-5340232226128654848,9.740647
Multithreading,4,10000000000,-5340232226128654848,9.728924
Multithreading,4,10000000000,-5340232226128654848,9.720773
Multithreading,4,10000000000,-5340232226128654848,9.745055
Multithreading,4,10000000000,-5340232226128654848,9.745680
Multithreading,4,10000000000,-5340232226128654848,9.722302
Multithreading,4,10000000000,-5340232226128654848,9.754482
Multithreading,4,10000000000,-5340232226128654848,9.616889
Multiprocessing_fork,4,10000000000,-5340232226128654848,10.047790
Multiprocessing_fork,4,10000000000,-5340232226128654848,9.150728
Multiprocessing_fork,4,10000000000,-5340232226128654848,8.994720
Multiprocessing_fork,4,10000000000,-5340232226128654848,9.201505
Multiprocessing_fork,4,10000000000,-5340232226128654848,9.026098
Multiprocessing_fork,4,10000000000,-5340232226128654848,9.380104
Multiprocessing_fork,4,10000000000,-5340232226128654848,10.052612
Multiprocessing_fork,4,10000000000,-5340232226128654848,9.304467
Multiprocessing_fork,4,10000000000,-5340232226128654848,9.232820
Multiprocessing_fork,4,10000000000,-5340232226128654848,10.342122
Multiprocessing_fork,4,10000000000,-5340232226128654848,8.604109
Multiprocessing_fork,4,10000000000,-5340232226128654848,9.394583
Multiprocessing_fork,4,10000000000,-5340232226128654848,10.186914
Multiprocessing_fork,4,10000000000,-5340232226128654848,9.574865
Multiprocessing_fork,4,10000000000,-5340232226128654848,10.005583
Multiprocessing_fork,4,10000000000,-5340232226128654848,9.346718
Multiprocessing_fork,4,10000000000,-5340232226128654848,10.331893
Multiprocessing_fork,4,10000000000,-5340232226128654848,10.551143
Multiprocessing_fork,4,10000000000,-5340232226128654848,8.967160
Multiprocessing_fork,4,10000000000,-5340232226128654848,9.282077
Multiprocessing_fork,4,10000000000,-5340232226128654848,9.969210
Multiprocessing_fork,4,10000000000,-5340232226128654848,8.550727
Multiprocessing_fork,4,10000000000,-5340232226128654848,10.445313
Multiprocessing_fork,4,10000000000,-5340232226128654848,9.388679
Multiprocessing_fork,4,10000000000,-5340232226128654848,9.443745
Multiprocessing_fork,4,10000000000,-5340232226128654848,10.024561
Multiprocessing_fork,4,10000000000,-5340232226128654848,9.478985
Multiprocessing_fork,4,10000000000,-5340232226128654848,9.687220
Multiprocessing_fork,4,10000000000,-5340232226128654848,8.950161
Multiprocessing_fork,4,10000000000,-5340232226128654848,9.041104
Multiprocessing_fork,4,10000000000,-5340232226128654848,9.311451
Multiprocessing_fork,4,10000000000,-5340232226128654848,10.189027
Multiprocessing_fork,4,10000000000,-5340232226128654848,9.580832
Multiprocessing_fork,4,10000000000,-5340232226128654848,9.690903
Multiprocessing_fork,4,10000000000,-5340232226128654848,8.882134
Multiprocessing_fork,4,10000000000,-5340232226128654848,10.225255
Multiprocessing_fork,4,10000000000,-5340232226128654848,9.503421
Multiprocessing_fork,4,10000000000,-5340232226128654848,9.048829
Multiprocessing_fork,4,10000000000,-5340232226128654848,9.372407
Multiprocessing_fork,4,10000000000,-5340232226128654848,10.074922
Multiprocessing_fork,4,10000000000,-5340232226128654848,8.947238
Multiprocessing_fork,4,10000000000,-5340232226128654848,9.011695
Multiprocessing_fork,4,10000000000,-5340232226128654848,9.055214
Multiprocessing_fork,4,10000000000,-5340232226128654848,9.046558
Multiprocessing_fork,4,10000000000,-5340232226128654848,9.791492
Multiprocessing_fork,4,10000000000,-5340232226128654848,8.948527
Multiprocessing_fork,4,10000000000,-5340232226128654848,9.071695
Multiprocessing_fork,4,10000000000,-5340232226128654848,8.857232
Multiprocessing_fork,4,10000000000,-5340232226128654848,9.600106
Multiprocessing_fork,4,10000000000,-5340232226128654848,9.616859
Multiprocessing_fork,4,10000000000,-5340232226128654848,9.521945
Multiprocessing_fork,4,10000000000,-5340232226128654848,9.974592
Multiprocessing_fork,4,10000000000,-5340232226128654848,9.364657
Multiprocessing_fork,4,10000000000,-5340232226128654848,9.788927
Multiprocessing_fork,4,10000000000,-5340232226128654848,9.449526
Multiprocessing_fork,4,10000000000,-5340232226128654848,9.522231
Multiprocessing_fork,4,10000000000,-5340232226128654848,8.817308
Multiprocessing_fork,4,10000000000,-5340232226128654848,9.619540
Multiprocessing_fork,4,10000000000,-5340232226128654848,9.135881
Multiprocessing_fork,4,10000000000,-5340232226128654848,10.430417
Multiprocessing_fork,4,10000000000,-5340232226128654848,9.047496
Multiprocessing_fork,4,10000000000,-5340232226128654848,8.994526
Multiprocessing_fork,4,10000000000,-5340232226128654848,10.130998
Multiprocessing_fork,4,10000000000,-5340232226128654848,9.433851
Multiprocessing_fork,4,10000000000,-5340232226128654848,9.249530
Multiprocessing_fork,4,10000000000,-5340232226128654848,10.375934
Multiprocessing_fork,4,10000000000,-5340232226128654848,9.367103
Multiprocessing_fork,4,10000000000,-5340232226128654848,10.003235
Multiprocessing_fork,4,10000000000,-5340232226128654848,9.497598
Multiprocessing_fork,4,10000000000,-5340232226128654848,10.107790
Multiprocessing_fork,4,10000000000,-5340232226128654848,8.907133
Multiprocessing_fork,4,10000000000,-5340232226128654848,9.448818
Multiprocessing_fork,4,10000000000,-5340232226128654848,9.773519
Multiprocessing_fork,4,10000000000,-5340232226128654848,9.488930
Multiprocessing_fork,4,10000000000,-5340232226128654848,10.447455
Multiprocessing_fork,4,10000000000,-5340232226128654848,9.058764
Multiprocessing_fork,4,10000000000,-5340232226128654848,9.281173
Multiprocessing_fork,4,10000000000,-5340232226128654848,9.896296
Multiprocessing_fork,4,10000000000,-5340232226128654848,9.394720
Multiprocessing_fork,4,10000000000,-5340232226128654848,9.321645
Multiprocessing_fork,4,10000000000,-5340232226128654848,10.375359
Multiprocessing_fork,4,10000000000,-5340232226128654848,9.460107
Multiprocessing_fork,4,10000000000,-5340232226128654848,9.119391
Multiprocessing_fork,4,10000000000,-5340232226128654848,9.889939
Multiprocessing_fork,4,10000000000,-5340232226128654848,9.502375
Multiprocessing_fork,4,10000000000,-5340232226128654848,10.053530
Multiprocessing_fork,4,10000000000,-5340232226128654848,9.040152
Multiprocessing_fork,4,10000000000,-5340232226128654848,9.748369
Multiprocessing_fork,4,10000000000,-5340232226128654848,9.572409
Multiprocessing_fork,4,10000000000,-5340232226128654848,9.700413
Multiprocessing_fork,4,10000000000,-5340232226128654848,9.244633
Multiprocessing_fork,4,10000000000,-5340232226128654848,9.436525
Multiprocessing_fork,4,10000000000,-5340232226128654848,9.803527
Multiprocessing_fork,4,10000000000,-5340232226128654848,10.398326
Multiprocessing_fork,4,10000000000,-5340232226128654848,9.386850
Multiprocessing_fork,4,10000000000,-5340232226128654848,9.153092
Multiprocessing_fork,4,10000000000,-5340232226128654848,9.292337
Multiprocessing_fork,4,10000000000,-5340232226128654848,9.951385
Multiprocessing_fork,4,10000000000,-5340232226128654848,9.229337
Multiprocessing_fork,4,10000000000,-5340232226128654848,9.260913
Multiprocessing_popen,4,10000000000,-5340232226128654848,8.567877
Multiprocessing_popen,4,10000000000,-5340232226128654848,8.950452
Multiprocessing_popen,4,10000000000,-5340232226128654848,9.325502
Multiprocessing_popen,4,10000000000,-5340232226128654848,9.110895
Multiprocessing_popen,4,10000000000,-5340232226128654848,8.857349
Multiprocessing_popen,4,10000000000,-5340232226128654848,8.775525
Multiprocessing_popen,4,10000000000,-5340232226128654848,8.846319
Multiprocessing_popen,4,10000000000,-5340232226128654848,9.270510
Multiprocessing_popen,4,10000000000,-5340232226128654848,9.183728
Multiprocessing_popen,4,10000000000,-5340232226128654848,9.099624
Multiprocessing_popen,4,10000000000,-5340232226128654848,9.073836
Multiprocessing_popen,4,10000000000,-5340232226128654848,9.073383
Multiprocessing_popen,4,10000000000,-5340232226128654848,9.022257
Multiprocessing_popen,4,10000000000,-5340232226128654848,8.348827
Multiprocessing_popen,4,10000000000,-5340232226128654848,8.542514
Multiprocessing_popen,4,10000000000,-5340232226128654848,8.655264
Multiprocessing_popen,4,10000000000,-5340232226128654848,9.158717
Multiprocessing_popen,4,10000000000,-5340232226128654848,8.534735
Multiprocessing_popen,4,10000000000,-5340232226128654848,8.669805
Multiprocessing_popen,4,10000000000,-5340232226128654848,9.161159
Multiprocessing_popen,4,10000000000,-5340232226128654848,9.002030
Multiprocessing_popen,4,10000000000,-5340232226128654848,8.899229
Multiprocessing_popen,4,10000000000,-5340232226128654848,9.033632
Multiprocessing_popen,4,10000000000,-5340232226128654848,9.174621
Multiprocessing_popen,4,10000000000,-5340232226128654848,8.915620
Multiprocessing_popen,4,10000000000,-5340232226128654848,8.905960
Multiprocessing_popen,4,10000000000,-5340232226128654848,8.935906
Multiprocessing_popen,4,10000000000,-5340232226128654848,8.959930
Multiprocessing_popen,4,10000000000,-5340232226128654848,8.470025
Multiprocessing_popen,4,10000000000,-5340232226128654848,8.588033
Multiprocessing_popen,4,10000000000,-5340232226128654848,8.705028
Multiprocessing_popen,4,10000000000,-5340232226128654848,8.726928
Multiprocessing_popen,4,10000000000,-5340232226128654848,9.088834
Multiprocessing_popen,4,10000000000,-5340232226128654848,8.543028
Multiprocessing_popen,4,10000000000,-5340232226128654848,9.118654
Multiprocessing_popen,4,10000000000,-5340232226128654848,9.282700
Multiprocessing_popen,4,10000000000,-5340232226128654848,8.841899
Multiprocessing_popen,4,10000000000,-5340232226128654848,9.187701
Multiprocessing_popen,4,10000000000,-5340232226128654848,8.857726
Multiprocessing_popen,4,10000000000,-5340232226128654848,9.171454
Multiprocessing_popen,4,10000000000,-5340232226128654848,8.797532
Multiprocessing_popen,4,10000000000,-5340232226128654848,9.186882
Multiprocessing_popen,4,10000000000,-5340232226128654848,8.783184
Multiprocessing_popen,4,10000000000,-5340232226128654848,8.945363
Multiprocessing_popen,4,10000000000,-5340232226128654848,8.922047
Multiprocessing_popen,4,10000000000,-5340232226128654848,8.461972
Multiprocessing_popen,4,10000000000,-5340232226128654848,8.552727
Multiprocessing_popen,4,10000000000,-5340232226128654848,8.743726
Multiprocessing_popen,4,10000000000,-5340232226128654848,8.627498
Multiprocessing_popen,4,10000000000,-5340232226128654848,8.682616
Multiprocessing_popen,4,10000000000,-5340232226128654848,8.666186
Multiprocessing_popen,4,10000000000,-5340232226128654848,8.678559
Multiprocessing_popen,4,10000000000,-5340232226128654848,8.681043
Multiprocessing_popen,4,10000000000,-5340232226128654848,8.737651
Multiprocessing_popen,4,10000000000,-5340232226128654848,9.113615
Multiprocessing_popen,4,10000000000,-5340232226128654848,8.961848
Multiprocessing_popen,4,10000000000,-5340232226128654848,9.269306
Multiprocessing_popen,4,10000000000,-5340232226128654848,8.476332
Multiprocessing_popen,4,10000000000,-5340232226128654848,9.266733
Multiprocessing_popen,4,10000000000,-5340232226128654848,8.424231
Multiprocessing_popen,4,10000000000,-5340232226128654848,8.671114
Multiprocessing_popen,4,10000000000,-5340232226128654848,9.142898
Multiprocessing_popen,4,10000000000,-5340232226128654848,9.003848
Multiprocessing_popen,4,10000000000,-5340232226128654848,8.968557
Multiprocessing_popen,4,10000000000,-5340232226128654848,9.116680
Multiprocessing_popen,4,10000000000,-5340232226128654848,8.954067
Multiprocessing_popen,4,10000000000,-5340232226128654848,9.167800
Multiprocessing_popen,4,10000000000,-5340232226128654848,8.825042
Multiprocessing_popen,4,10000000000,-5340232226128654848,8.434580
Multiprocessing_popen,4,10000000000,-5340232226128654848,9.297176
Multiprocessing_popen,4,10000000000,-5340232226128654848,8.431120
Multiprocessing_popen,4,10000000000,-5340232226128654848,9.298234
Multiprocessing_popen,4,10000000000,-5340232226128654848,8.462838
Multiprocessing_popen,4,10000000000,-5340232226128654848,9.282364
Multiprocessing_popen,4,10000000000,-5340232226128654848,8.405936
Multiprocessing_popen,4,10000000000,-5340232226128654848,8.581167
Multiprocessing_popen,4,10000000000,-5340232226128654848,8.802183
Multiprocessing_popen,4,10000000000,-5340232226128654848,8.784258
Multiprocessing_popen,4,10000000000,-5340232226128654848,9.507733
Multiprocessing_popen,4,10000000000,-5340232226128654848,9.299165
Multiprocessing_popen,4,10000000000,-5340232226128654848,8.446153
Multiprocessing_popen,4,10000000000,-5340232226128654848,9.078130
Multiprocessing_popen,4,10000000000,-5340232226128654848,9.198818
Multiprocessing_popen,4,10000000000,-5340232226128654848,8.435221
Multiprocessing_popen,4,10000000000,-5340232226128654848,9.267242
Multiprocessing_popen,4,10000000000,-5340232226128654848,8.484708
Multiprocessing_popen,4,10000000000,-5340232226128654848,9.335935
Multiprocessing_popen,4,10000000000,-5340232226128654848,8.513441
Multiprocessing_popen,4,10000000000,-5340232226128654848,8.666515
Multiprocessing_popen,4,10000000000,-5340232226128654848,9.173751
Multiprocessing_popen,4,10000000000,-5340232226128654848,9.019700
Multiprocessing_popen,4,10000000000,-5340232226128654848,8.938660
Multiprocessing_popen,4,10000000000,-5340232226128654848,8.954253
Multiprocessing_popen,4,10000000000,-5340232226128654848,8.942739
Multiprocessing_popen,4,10000000000,-5340232226128654848,8.852084
Multiprocessing_popen,4,10000000000,-5340232226128654848,8.964327
Multiprocessing_popen,4,10000000000,-5340232226128654848,9.007726
Multiprocessing_popen,4,10000000000,-5340232226128654848,8.984848
Multiprocessing_popen,4,10000000000,-5340232226128654848,8.897361
Multiprocessing_popen,4,10000000000,-5340232226128654848,8.902039
Baseline,1,10000000000,-5340232226128654848,28.685695
Baseline,1,10000000000,-5340232226128654848,27.931222
Baseline,1,10000000000,-5340232226128654848,27.727740
Baseline,1,10000000000,-5340232226128654848,27.794661
Baseline,1,10000000000,-5340232226128654848,27.692967
Baseline,1,10000000000,-5340232226128654848,27.790948
Baseline,1,10000000000,-5340232226128654848,28.262400
Baseline,1,10000000000,-5340232226128654848,27.550969
Baseline,1,10000000000,-5340232226128654848,27.531483
Baseline,1,10000000000,-5340232226128654848,27.691667
Baseline,1,10000000000,-5340232226128654848,27.588165
Baseline,1,10000000000,-5340232226128654848,27.522336
Baseline,1,10000000000,-5340232226128654848,27.515595
Baseline,1,10000000000,-5340232226128654848,27.569852
Baseline,1,10000000000,-5340232226128654848,27.494853
Baseline,1,10000000000,-5340232226128654848,27.449587
Baseline,1,10000000000,-5340232226128654848,27.526771
Baseline,1,10000000000,-5340232226128654848,27.495513
Baseline,1,10000000000,-5340232226128654848,27.438268
Baseline,1,10000000000,-5340232226128654848,27.720180
Baseline,1,10000000000,-5340232226128654848,27.745645
Baseline,1,10000000000,-5340232226128654848,27.726520
Baseline,1,10000000000,-5340232226128654848,28.545051
Baseline,1,10000000000,-5340232226128654848,27.500199
Baseline,1,10000000000,-5340232226128654848,28.395204
Baseline,1,10000000000,-5340232226128654848,27.663362
Baseline,1,10000000000,-5340232226128654848,27.629021
Baseline,1,10000000000,-5340232226128654848,27.665356
Baseline,1,10000000000,-5340232226128654848,27.705600
Baseline,1,10000000000,-5340232226128654848,27.582474
Baseline,1,10000000000,-5340232226128654848,27.578641
Baseline,1,10000000000,-5340232226128654848,27.481568
Baseline,1,10000000000,-5340232226128654848,27.506713
Baseline,1,10000000000,-5340232226128654848,27.635708
Baseline,1,10000000000,-5340232226128654848,27.589108
Baseline,1,10000000000,-5340232226128654848,27.633853
Baseline,1,10000000000,-5340232226128654848,27.752605
Baseline,1,10000000000,-5340232226128654848,27.636675
Baseline,1,10000000000,-5340232226128654848,28.214499
Baseline,1,10000000000,-5340232226128654848,27.455688
Baseline,1,10000000000,-5340232226128654848,28.256780
Baseline,1,10000000000,-5340232226128654848,27.462895
Baseline,1,10000000000,-5340232226128654848,28.418815
Baseline,1,10000000000,-5340232226128654848,27.434856
Baseline,1,10000000000,-5340232226128654848,28.113695
Baseline,1,10000000000,-5340232226128654848,27.480215
Baseline,1,10000000000,-5340232226128654848,28.222076
Baseline,1,10000000000,-5340232226128654848,28.086489
Baseline,1,10000000000,-5340232226128654848,27.936697
Baseline,1,10000000000,-5340232226128654848,27.745599
Baseline,1,10000000000,-5340232226128654848,27.829771
Baseline,1,10000000000,-5340232226128654848,27.787191
Baseline,1,10000000000,-5340232226128654848,27.771956
Baseline,1,10000000000,-5340232226128654848,27.873321
Baseline,1,10000000000,-5340232226128654848,27.748797
Baseline,1,10000000000,-5340232226128654848,27.832578
Baseline,1,10000000000,-5340232226128654848,27.578882
Baseline,1,10000000000,-5340232226128654848,27.796435
Baseline,1,10000000000,-5340232226128654848,27.799197
Baseline,1,10000000000,-5340232226128654848,27.872931
Baseline,1,10000000000,-5340232226128654848,27.625696
Baseline,1,10000000000,-5340232226128654848,27.622583
Baseline,1,10000000000,-5340232226128654848,27.341982
Baseline,1,10000000000,-5340232226128654848,27.602733
Baseline,1,10000000000,-5340232226128654848,27.482967
Baseline,1,10000000000,-5340232226128654848,27.969213
Baseline,1,10000000000,-5340232226128654848,27.324661
Baseline,1,10000000000,-5340232226128654848,27.998678
Baseline,1,10000000000,-5340232226128654848,27.451974
Baseline,1,10000000000,-5340232226128654848,27.479867
Baseline,1,10000000000,-5340232226128654848,27.892664
Baseline,1,10000000000,-5340232226128654848,27.359930
Baseline,1,10000000000,-5340232226128654848,27.840348
Baseline,1,10000000000,-5340232226128654848,27.365813
Baseline,1,10000000000,-5340232226128654848,28.015604
Baseline,1,10000000000,-5340232226128654848,27.876408
Baseline,1,10000000000,-5340232226128654848,27.744428
Baseline,1,10000000000,-5340232226128654848,27.350311
Baseline,1,10000000000,-5340232226128654848,25.911603
Baseline,1,10000000000,-5340232226128654848,26.238490
Baseline,1,10000000000,-5340232226128654848,27.021122
Baseline,1,10000000000,-5340232226128654848,27.012603
Baseline,1,10000000000,-5340232226128654848,26.995814
Baseline,1,10000000000,-5340232226128654848,26.885520
Baseline,1,10000000000,-5340232226128654848,26.964629
Baseline,1,10000000000,-5340232226128654848,26.974652
Baseline,1,10000000000,-5340232226128654848,27.045190
Baseline,1,10000000000,-5340232226128654848,27.004824
Baseline,1,10000000000,-5340232226128654848,27.031549
Baseline,1,10000000000,-5340232226128654848,27.076293
Baseline,1,10000000000,-5340232226128654848,27.035044
Baseline,1,10000000000,-5340232226128654848,27.004598
Baseline,1,10000000000,-5340232226128654848,27.048689
Baseline,1,10000000000,-5340232226128654848,27.034094
Baseline,1,10000000000,-5340232226128654848,27.002451
Baseline,1,10000000000,-5340232226128654848,26.291939
Baseline,1,10000000000,-5340232226128654848,27.246552
Baseline,1,10000000000,-5340232226128654848,26.360482
Baseline,1,10000000000,-5340232226128654848,27.298537
Baseline,1,10000000000,-5340232226128654848,27.047777
Multithreading,8,10000000000,-5340232226128654848,6.114018
Multithreading,8,10000000000,-5340232226128654848,6.332036
Multithreading,8,10000000000,-5340232226128654848,6.464267
Multithreading,8,10000000000,-5340232226128654848,6.489300
Multithreading,8,10000000000,-5340232226128654848,6.507597
Multithreading,8,10000000000,-5340232226128654848,6.458260
Multithreading,8,10000000000,-5340232226128654848,6.474224
Multithreading,8,10000000000,-5340232226128654848,6.699224
Multithreading,8,10000000000,-5340232226128654848,6.586021
Multithreading,8,10000000000,-5340232226128654848,6.493258
Multithreading,8,10000000000,-5340232226128654848,6.655747
Multithreading,8,10000000000,-5340232226128654848,6.714290
Multithreading,8,10000000000,-5340232226128654848,6.654651
Multithreading,8,10000000000,-5340232226128654848,6.696466
Multithreading,8,10000000000,-5340232226128654848,6.594794
Multithreading,8,10000000000,-5340232226128654848,6.641976
Multithreading,8,10000000000,-5340232226128654848,6.512299
Multithreading,8,10000000000,-5340232226128654848,6.887823
Multithreading,8,10000000000,-5340232226128654848,6.582795
Multithreading,8,10000000000,-5340232226128654848,6.801880
Multithreading,8,10000000000,-5340232226128654848,6.576155
Multithreading,8,10000000000,-5340232226128654848,6.512482
Multithreading,8,10000000000,-5340232226128654848,6.742436
Multithreading,8,10000000000,-5340232226128654848,6.567905
Multithreading,8,10000000000,-5340232226128654848,6.565940
Multithreading,8,10000000000,-5340232226128654848,6.566209
Multithreading,8,10000000000,-5340232226128654848,6.681214
Multithreading,8,10000000000,-5340232226128654848,6.675571
Multithreading,8,10000000000,-5340232226128654848,6.623186
Multithreading,8,10000000000,-5340232226128654848,6.735108
Multithreading,8,10000000000,-5340232226128654848,6.659699
Multithreading,8,10000000000,-5340232226128654848,6.536818
Multithreading,8,10000000000,-5340232226128654848,6.712495
Multithreading,8,10000000000,-5340232226128654848,6.683068
Multithreading,8,10000000000,-5340232226128654848,6.664980
Multithreading,8,10000000000,-5340232226128654848,6.635694
Multithreading,8,10000000000,-5340232226128654848,6.654402
Multithreading,8,10000000000,-5340232226128654848,6.675268
Multithreading,8,10000000000,-5340232226128654848,6.668560
Multithreading,8,10000000000,-5340232226128654848,6.737466
Multithreading,8,10000000000,-5340232226128654848,6.727076
Multithreading,8,10000000000,-5340232226128654848,6.554298
Multithreading,8,10000000000,-5340232226128654848,6.650720
Multithreading,8,10000000000,-5340232226128654848,6.555807
Multithreading,8,10000000000,-5340232226128654848,6.605227
Multithreading,8,10000000000,-5340232226128654848,6.605939
Multithreading,8,10000000000,-5340232226128654848,6.691235
Multithreading,8,10000000000,-5340232226128654848,6.701229
Multithreading,8,10000000000,-5340232226128654848,6.803128
Multithreading,8,10000000000,-5340232226128654848,6.707169
Multithreading,8,10000000000,-5340232226128654848,6.645661
Multithreading,8,10000000000,-5340232226128654848,6.650272
Multithreading,8,10000000000,-5340232226128654848,6.777314
Multithreading,8,10000000000,-5340232226128654848,6.702249
Multithreading,8,10000000000,-5340232226128654848,6.714165
Multithreading,8,10000000000,-5340232226128654848,6.612769
Multithreading,8,10000000000,-5340232226128654848,6.603627
Multithreading,8,10000000000,-5340232226128654848,6.663569
Multithreading,8,10000000000,-5340232226128654848,6.578860
Multithreading,8,10000000000,-5340232226128654848,6.651440
Multithreading,8,10000000000,-5340232226128654848,6.833078
Multithreading,8,10000000000,-5340232226128654848,6.581689
Multithreading,8,10000000000,-5340232226128654848,6.768562
Multithreading,8,10000000000,-5340232226128654848,6.655604
Multithreading,8,10000000000,-5340232226128654848,6.613635
Multithreading,8,10000000000,-5340232226128654848,6.667635
Multithreading,8,10000000000,-5340232226128654848,6.690848
Multithreading,8,10000000000,-5340232226128654848,6.550273
Multithreading,8,10000000000,-5340232226128654848,6.725572
Multithreading,8,10000000000,-5340232226128654848,6.678724
Multithreading,8,10000000000,-5340232226128654848,6.618227
Multithreading,8,10000000000,-5340232226128654848,6.838146
Multithreading,8,10000000000,-5340232226128654848,6.694640
Multithreading,8,10000000000,-5340232226128654848,6.653037
Multithreading,8,10000000000,-5340232226128654848,6.739863
Multithreading,8,10000000000,-5340232226128654848,6.711208
Multithreading,8,10000000000,-5340232226128654848,6.767068
Multithreading,8,10000000000,-5340232226128654848,6.606971
Multithreading,8,10000000000,-5340232226128654848,6.719300
Multithreading,8,10000000000,-5340232226128654848,6.693690
Multithreading,8,10000000000,-5340232226128654848,6.582628
Multithreading,8,10000000000,-5340232226128654848,6.618979
Multithreading,8,10000000000,-5340232226128654848,6.637699
Multithreading,8,10000000000,-5340232226128654848,6.657151
Multithreading,8,10000000000,-5340232226128654848,6.678145
Multithreading,8,10000000000,-5340232226128654848,6.688249
Multithreading,8,10000000000,-5340232226128654848,6.616187
Multithreading,8,10000000000,-5340232226128654848,6.649453
Multithreading,8,10000000000,-5340232226128654848,6.797505
Multithreading,8,10000000000,-5340232226128654848,6.666812
Multithreading,8,10000000000,-5340232226128654848,6.639400
Multithreading,8,10000000000,-5340232226128654848,6.725892
Multithreading,8,10000000000,-5340232226128654848,6.803792
Multithreading,8,10000000000,-5340232226128654848,6.606853
Multithreading,8,10000000000,-5340232226128654848,6.628887
Multithreading,8,10000000000,-5340232226128654848,6.594132
Multithreading,8,10000000000,-5340232226128654848,6.815766
Multithreading,8,10000000000,-5340232226128654848,6.661899
Multithreading,8,10000000000,-5340232226128654848,6.783872
Multithreading,8,10000000000,-5340232226128654848,6.785961
Multiprocessing_fork,8,10000000000,-5340232226128654848,6.032097
Multiprocessing_fork,8,10000000000,-5340232226128654848,6.105683
Multiprocessing_fork,8,10000000000,-5340232226128654848,6.344947
Multiprocessing_fork,8,10000000000,-5340232226128654848,6.406492
Multiprocessing_fork,8,10000000000,-5340232226128654848,6.092402
Multiprocessing_fork,8,10000000000,-5340232226128654848,6.070594
Multiprocessing_fork,8,10000000000,-5340232226128654848,5.957164
Multiprocessing_fork,8,10000000000,-5340232226128654848,5.920712
Multiprocessing_fork,8,10000000000,-5340232226128654848,5.979301
Multiprocessing_fork,8,10000000000,-5340232226128654848,6.163376
Multiprocessing_fork,8,10000000000,-5340232226128654848,6.156338
Multiprocessing_fork,8,10000000000,-5340232226128654848,5.964729
Multiprocessing_fork,8,10000000000,-5340232226128654848,6.097801
Multiprocessing_fork,8,10000000000,-5340232226128654848,6.247601
Multiprocessing_fork,8,10000000000,-5340232226128654848,6.129395
Multiprocessing_fork,8,10000000000,-5340232226128654848,6.142352
Multiprocessing_fork,8,10000000000,-5340232226128654848,6.188399
Multiprocessing_fork,8,10000000000,-5340232226128654848,6.183011
Multiprocessing_fork,8,10000000000,-5340232226128654848,5.983884
Multiprocessing_fork,8,10000000000,-5340232226128654848,6.041518
Multiprocessing_fork,8,10000000000,-5340232226128654848,6.160368
Multiprocessing_fork,8,10000000000,-5340232226128654848,6.225165
Multiprocessing_fork,8,10000000000,-5340232226128654848,6.347828
Multiprocessing_fork,8,10000000000,-5340232226128654848,5.875350
Multiprocessing_fork,8,10000000000,-5340232226128654848,5.996707
Multiprocessing_fork,8,10000000000,-5340232226128654848,6.173000
Multiprocessing_fork,8,10000000000,-5340232226128654848,6.208951
Multiprocessing_fork,8,10000000000,-5340232226128654848,6.193772
Multiprocessing_fork,8,10000000000,-5340232226128654848,6.225738
Multiprocessing_fork,8,10000000000,-5340232226128654848,6.436521
Multiprocessing_fork,8,10000000000,-5340232226128654848,6.439859
Multiprocessing_fork,8,10000000000,-5340232226128654848,6.049674
Multiprocessing_fork,8,10000000000,-5340232226128654848,6.372698
Multiprocessing_fork,8,10000000000,-5340232226128654848,6.062356
Multiprocessing_fork,8,10000000000,-5340232226128654848,6.123897
Multiprocessing_fork,8,10000000000,-5340232226128654848,6.212530
Multiprocessing_fork,8,10000000000,-5340232226128654848,6.063235
Multiprocessing_fork,8,10000000000,-5340232226128654848,6.616238
Multiprocessing_fork,8,10000000000,-5340232226128654848,6.384525
Multiprocessing_fork,8,10000000000,-5340232226128654848,6.094376
Multiprocessing_fork,8,10000000000,-5340232226128654848,6.095157
Multiprocessing_fork,8,10000000000,-5340232226128654848,6.241627
Multiprocessing_fork,8,10000000000,-5340232226128654848,6.032112
Multiprocessing_fork,8,10000000000,-5340232226128654848,5.972646
Multiprocessing_fork,8,10000000000,-5340232226128654848,6.277998
Multiprocessing_fork,8,10000000000,-5340232226128654848,6.380640
Multiprocessing_fork,8,10000000000,-5340232226128654848,6.148488
Multiprocessing_fork,8,10000000000,-5340232226128654848,6.327808
Multiprocessing_fork,8,10000000000,-5340232226128654848,6.066528
Multiprocessing_fork,8,10000000000,-5340232226128654848,6.106911
Multiprocessing_fork,8,10000000000,-5340232226128654848,5.960289
Multiprocessing_fork,8,10000000000,-5340232226128654848,5.986496
Multiprocessing_fork,8,10000000000,-5340232226128654848,6.457161
Multiprocessing_fork,8,10000000000,-5340232226128654848,6.294494
Multiprocessing_fork,8,10000000000,-5340232226128654848,6.413179
Multiprocessing_fork,8,10000000000,-5340232226128654848,6.464489
Multiprocessing_fork,8,10000000000,-5340232226128654848,6.573236
Multiprocessing_fork,8,10000000000,-5340232226128654848,6.126090
Multiprocessing_fork,8,10000000000,-5340232226128654848,6.113268
Multiprocessing_fork,8,10000000000,-5340232226128654848,6.436480
Multiprocessing_fork,8,10000000000,-5340232226128654848,6.432759
Multiprocessing_fork,8,10000000000,-5340232226128654848,6.253593
Multiprocessing_fork,8,10000000000,-5340232226128654848,6.108203
Multiprocessing_fork,8,10000000000,-5340232226128654848,6.129687
Multiprocessing_fork,8,10000000000,-5340232226128654848,6.205070
Multiprocessing_fork,8,10000000000,-5340232226128654848,6.673427
Multiprocessing_fork,8,10000000000,-5340232226128654848,6.473053
Multiprocessing_fork,8,10000000000,-5340232226128654848,6.795119
Multiprocessing_fork,8,10000000000,-5340232226128654848,6.664012
Multiprocessing_fork,8,10000000000,-5340232226128654848,6.263980
Multiprocessing_fork,8,10000000000,-5340232226128654848,6.134201
Multiprocessing_fork,8,10000000000,-5340232226128654848,6.430040
Multiprocessing_fork,8,10000000000,-5340232226128654848,6.323955
Multiprocessing_fork,8,10000000000,-5340232226128654848,6.223217
Multiprocessing_fork,8,10000000000,-5340232226128654848,6.211562
Multiprocessing_fork,8,10000000000,-5340232226128654848,5.800096
Multiprocessing_fork,8,10000000000,-5340232226128654848,6.311871
Multiprocessing_fork,8,10000000000,-5340232226128654848,6.216776
Multiprocessing_fork,8,10000000000,-5340232226128654848,6.545455
Multiprocessing_fork,8,10000000000,-5340232226128654848,6.239193
Multiprocessing_fork,8,10000000000,-5340232226128654848,6.117582
Multiprocessing_fork,8,10000000000,-5340232226128654848,6.518332
Multiprocessing_fork,8,10000000000,-5340232226128654848,6.330285
Multiprocessing_fork,8,10000000000,-5340232226128654848,6.129113
Multiprocessing_fork,8,10000000000,-5340232226128654848,6.637947
Multiprocessing_fork,8,10000000000,-5340232226128654848,6.393582
Multiprocessing_fork,8,10000000000,-5340232226128654848,6.192317
Multiprocessing_fork,8,10000000000,-5340232226128654848,6.307836
Multiprocessing_fork,8,10000000000,-5340232226128654848,6.079500
Multiprocessing_fork,8,10000000000,-5340232226128654848,6.255691
Multiprocessing_fork,8,10000000000,-5340232226128654848,6.770514
Multiprocessing_fork,8,10000000000,-5340232226128654848,6.210267
Multiprocessing_fork,8,10000000000,-5340232226128654848,6.136328
Multiprocessing_fork,8,10000000000,-5340232226128654848,5.868007
Multiprocessing_fork,8,10000000000,-5340232226128654848,6.155900
Multiprocessing_fork,8,10000000000,-5340232226128654848,6.301783
Multiprocessing_fork,8,10000000000,-5340232226128654848,6.117257
Multiprocessing_fork,8,10000000000,-5340232226128654848,6.274552
Multiprocessing_fork,8,10000000000,-5340232226128654848,6.217619
Multiprocessing_fork,8,10000000000,-5340232226128654848,6.528231
Multiprocessing_popen,8,10000000000,-5340232226128654848,5.731969
Multiprocessing_popen,8,10000000000,-5340232226128654848,5.910759
Multiprocessing_popen,8,10000000000,-5340232226128654848,5.489818
Multiprocessing_popen,8,10000000000,-5340232226128654848,5.559813
Multiprocessing_popen,8,10000000000,-5340232226128654848,5.396155
Multiprocessing_popen,8,10000000000,-5340232226128654848,5.355367
Multiprocessing_popen,8,10000000000,-5340232226128654848,5.486183
Multiprocessing_popen,8,10000000000,-5340232226128654848,5.580041
Multiprocessing_popen,8,10000000000,-5340232226128654848,5.812426
Multiprocessing_popen,8,10000000000,-5340232226128654848,5.575387
Multiprocessing_popen,8,10000000000,-5340232226128654848,5.470750
Multiprocessing_popen,8,10000000000,-5340232226128654848,5.548146
Multiprocessing_popen,8,10000000000,-5340232226128654848,5.832711
Multiprocessing_popen,8,10000000000,-5340232226128654848,5.498983
Multiprocessing_popen,8,10000000000,-5340232226128654848,5.402534
Multiprocessing_popen,8,10000000000,-5340232226128654848,5.670964
Multiprocessing_popen,8,10000000000,-5340232226128654848,5.581436
Multiprocessing_popen,8,10000000000,-5340232226128654848,5.471461
Multiprocessing_popen,8,10000000000,-5340232226128654848,5.502928
Multiprocessing_popen,8,10000000000,-5340232226128654848,5.442185
Multiprocessing_popen,8,10000000000,-5340232226128654848,5.532614
Multiprocessing_popen,8,10000000000,-5340232226128654848,5.629823
Multiprocessing_popen,8,10000000000,-5340232226128654848,5.398042
Multiprocessing_popen,8,10000000000,-5340232226128654848,5.466948
Multiprocessing_popen,8,10000000000,-5340232226128654848,5.645505
Multiprocessing_popen,8,10000000000,-5340232226128654848,5.499294
Multiprocessing_popen,8,10000000000,-5340232226128654848,5.384909
Multiprocessing_popen,8,10000000000,-5340232226128654848,5.468484
Multiprocessing_popen,8,10000000000,-5340232226128654848,5.549214
Multiprocessing_popen,8,10000000000,-5340232226128654848,5.500857
Multiprocessing_popen,8,10000000000,-5340232226128654848,5.552163
Multiprocessing_popen,8,10000000000,-5340232226128654848,5.387083
Multiprocessing_popen,8,10000000000,-5340232226128654848,5.657062
Multiprocessing_popen,8,10000000000,-5340232226128654848,5.598789
Multiprocessing_popen,8,10000000000,-5340232226128654848,5.583939
Multiprocessing_popen,8,10000000000,-5340232226128654848,5.646692
Multiprocessing_popen,8,10000000000,-5340232226128654848,5.473651
Multiprocessing_popen,8,10000000000,-5340232226128654848,5.572419
Multiprocessing_popen,8,10000000000,-5340232226128654848,5.541404
Multiprocessing_popen,8,10000000000,-5340232226128654848,5.447425
Multiprocessing_popen,8,10000000000,-5340232226128654848,5.529022
Multiprocessing_popen,8,10000000000,-5340232226128654848,5.567273
Multiprocessing_popen,8,10000000000,-5340232226128654848,5.578598
Multiprocessing_popen,8,10000000000,-5340232226128654848,5.565641
Multiprocessing_popen,8,10000000000,-5340232226128654848,5.589985
Multiprocessing_popen,8,10000000000,-5340232226128654848,5.485828
Multiprocessing_popen,8,10000000000,-5340232226128654848,5.621055
Multiprocessing_popen,8,10000000000,-5340232226128654848,5.682435
Multiprocessing_popen,8,10000000000,-5340232226128654848,5.506799
Multiprocessing_popen,8,10000000000,-5340232226128654848,5.797694
Multiprocessing_popen,8,10000000000,-5340232226128654848,5.555011
Multiprocessing_popen,8,10000000000,-5340232226128654848,5.559209
Multiprocessing_popen,8,10000000000,-5340232226128654848,5.521303
Multiprocessing_popen,8,10000000000,-5340232226128654848,5.376522
Multiprocessing_popen,8,10000000000,-5340232226128654848,5.542697
Multiprocessing_popen,8,10000000000,-5340232226128654848,5.610984
Multiprocessing_popen,8,10000000000,-5340232226128654848,5.360596
Multiprocessing_popen,8,10000000000,-5340232226128654848,5.413739
Multiprocessing_popen,8,10000000000,-5340232226128654848,5.716879
Multiprocessing_popen,8,10000000000,-5340232226128654848,5.592136
Multiprocessing_popen,8,10000000000,-5340232226128654848,5.574199
Multiprocessing_popen,8,10000000000,-5340232226128654848,5.467839
Multiprocessing_popen,8,10000000000,-5340232226128654848,5.478583
Multiprocessing_popen,8,10000000000,-5340232226128654848,5.440074
Multiprocessing_popen,8,10000000000,-5340232226128654848,5.476203
Multiprocessing_popen,8,10000000000,-5340232226128654848,5.466677
Multiprocessing_popen,8,10000000000,-5340232226128654848,5.433033
Multiprocessing_popen,8,10000000000,-5340232226128654848,5.458512
Multiprocessing_popen,8,10000000000,-5340232226128654848,5.545846
Multiprocessing_popen,8,10000000000,-5340232226128654848,5.579059
Multiprocessing_popen,8,10000000000,-5340232226128654848,5.513456
Multiprocessing_popen,8,10000000000,-5340232226128654848,5.688373
Multiprocessing_popen,8,10000000000,-5340232226128654848,5.479649
Multiprocessing_popen,8,10000000000,-5340232226128654848,5.547514
Multiprocessing_popen,8,10000000000,-5340232226128654848,5.554576
Multiprocessing_popen,8,10000000000,-5340232226128654848,5.537849
Multiprocessing_popen,8,10000000000,-5340232226128654848,5.495409
Multiprocessing_popen,8,10000000000,-5340232226128654848,5.554083
Multiprocessing_popen,8,10000000000,-5340232226128654848,5.518795
Multiprocessing_popen,8,10000000000,-5340232226128654848,5.496224
Multiprocessing_popen,8,10000000000,-5340232226128654848,5.612959
Multiprocessing_popen,8,10000000000,-5340232226128654848,5.694765
Multiprocessing_popen,8,10000000000,-5340232226128654848,5.680832
Multiprocessing_popen,8,10000000000,-5340232226128654848,5.588917
Multiprocessing_popen,8,10000000000,-5340232226128654848,5.580073
Multiprocessing_popen,8,10000000000,-5340232226128654848,5.474909
Multiprocessing_popen,8,10000000000,-5340232226128654848,5.693742
Multiprocessing_popen,8,10000000000,-5340232226128654848,5.462437
Multiprocessing_popen,8,10000000000,-5340232226128654848,5.451882
Multiprocessing_popen,8,10000000000,-5340232226128654848,5.476596
Multiprocessing_popen,8,10000000000,-5340232226128654848,5.509018
Multiprocessing_popen,8,10000000000,-5340232226128654848,5.701914
Multiprocessing_popen,8,10000000000,-5340232226128654848,5.463130
Multiprocessing_popen,8,10000000000,-5340232226128654848,5.686368
Multiprocessing_popen,8,10000000000,-5340232226128654848,5.491226
Multiprocessing_popen,8,10000000000,-5340232226128654848,5.662995
Multiprocessing_popen,8,10000000000,-5340232226128654848,5.426877
Multiprocessing_popen,8,10000000000,-5340232226128654848,5.473478
Multiprocessing_popen,8,10000000000,-5340232226128654848,5.452047
Multiprocessing_popen,8,10000000000,-5340232226128654848,5.422652
